artist,acousticness,danceability,duration,energy,instrumentalness,liveness,loudness,mode,song key,speechiness,tempo,time signature,valence,compound,positive,negative,neutral
'n Sync,0.1049421,0.6885,233670.7,0.7934,0.000122838,0.10604,-5.3725,0.3,5.4,0.07259,132.6948,4,0.7384,0.60823,0.1395,0.0788,0.7816
ABBA,0.319378571,0.592571429,242579.9286,0.761785714,0.003748596,0.374435714,-6.4395,0.857142857,6.428571429,0.035985714,118.7318571,4,0.728857143,0.533514286,0.153428571,0.09,0.756428571
Ace Of Base,0.043373333,0.741416667,213876.6667,0.780916667,0.067655792,0.084675,-6.837083333,0.583333333,5,0.049883333,116.5564167,4,0.822333333,0.699141667,0.147,0.070833333,0.782083333
Adam Sandler,0.598555556,0.558888889,194973.8889,0.516333333,8.19E-05,0.593933333,-11.01366667,0.888888889,5.777777778,0.3654,111.5503333,3.555555556,0.514555556,0.168755556,0.135777778,0.115888889,0.748777778
Adele,0.4901475,0.5204375,266908.375,0.4473125,2.69E-05,0.13980625,-6.606875,0.5,4.75,0.0447375,127.302375,3.9375,0.2951625,0.42171875,0.1479375,0.0874375,0.76475
Aerosmith,0.134397857,0.408071429,266855.7143,0.7695,0.006461741,0.226242857,-6.895214286,0.785714286,5.714285714,0.041064286,135.7852143,3.857142857,0.497928571,0.4941,0.2055,0.092285714,0.702071429
Air Supply,0.31395,0.467,258104.5,0.497833333,0.00017479,0.174,-9.461333333,1,5.333333333,0.029133333,112.301,4,0.297166667,0.396066667,0.176166667,0.106166667,0.7175
Aiza Seguerra,0.74925,0.44325,242159.25,0.27675,0.00056494,0.11325,-11.56175,1,6,0.032875,124.5705,4,0.205,0.606025,0.2115,0.078,0.7105
Alabama,0.089956667,0.495333333,202564.3333,0.685,0,0.178,-7.594,1,8.333333333,0.047633333,115.9223333,4,0.719666667,0.348433333,0.176333333,0.053,0.770666667
Alan Parsons Project,0.2581,0.5885,266093.375,0.58475,0.01045047,0.1311625,-10.64925,0.625,4.625,0.038425,129.188875,4,0.532625,0.1487,0.09325,0.082875,0.82375
Alice Cooper,0.1082775,0.349625,257814.875,0.792625,0.002692588,0.184375,-8.04375,0.5,3,0.08225,123.268625,4,0.298,-0.243925,0.174375,0.149625,0.676
Alice In Chains,0.087853406,0.375153846,287074.8462,0.750538462,0.027960774,0.218238462,-6.826384615,0.692307692,7.076923077,0.050676923,123.4449231,3.461538462,0.375769231,0.059484615,0.175384615,0.133846154,0.690692308
Alison Krauss,0.7176,0.5546,233302.5,0.327,0.030267528,0.17587,-11.2397,0.9,5.2,0.03645,132.8814,3.9,0.3953,0.6884,0.1137,0.0526,0.8335
Allman Brothers Band,0.372,0.455785714,284544.7143,0.5965,0.097491746,0.22695,-10.37978571,0.928571429,5.357142857,0.036064286,117.8383571,3.857142857,0.683428571,0.585785714,0.133785714,0.068285714,0.798214286
Alphaville,0.130645455,0.608181818,248339.1818,0.655090909,0.073473091,0.242154545,-11.64763636,0.636363636,4,0.032163636,129.6074545,4,0.637363636,0.948145455,0.209545455,0.059363636,0.731272727
America,0.223,0.673,211387,0.581,0.000206,0.063,-10.205,1,2,0.029,130.771,4,0.818,0.708,0.121,0.116,0.763
Amy Grant,0.2681,0.546875,240988.125,0.724125,2.20E-05,0.1316125,-5.47625,1,3.75,0.0404375,140.757125,4,0.491125,0.9942625,0.23825,0.0325,0.729125
Andy Williams,0.707666667,0.427,154933.3333,0.318666667,0.000792777,0.183666667,-12.91633333,1,2.333333333,0.043133333,122.208,4,0.393666667,0.956933333,0.234666667,0.057333333,0.708666667
Ariana Grande,0.055483333,0.690333333,206017.8333,0.645166667,1.62E-05,0.190666667,-5.692666667,0.333333333,5.166666667,0.062333333,121.7965,3.833333333,0.374166667,0.339233333,0.164666667,0.092833333,0.7425
Ariel Rivera,0.639714286,0.604714286,226676.1429,0.483142857,0.000597761,0.1504,-8.993142857,0.714285714,6.142857143,0.028057143,123.4967143,4,0.393285714,0.410714286,0.080571429,0.02,0.899714286
Arlo Guthrie,0.47826,0.5106,185964,0.4636,4.49E-05,0.11486,-9.7394,1,5.8,0.03014,133.4068,3.8,0.6466,0.4621,0.137,0.0728,0.7906
Arrogant Worms,0.658375,0.688875,156146.625,0.484375,0,0.312625,-11.2715,0.875,5.25,0.1274375,105.5245,3.875,0.798375,0.5212875,0.160625,0.0915,0.747875
Avril Lavigne,0.054189421,0.525428571,221300,0.816857143,2.83E-05,0.203678571,-4.559357143,0.5,4.5,0.06135,145.4954286,3.857142857,0.475214286,0.102192857,0.124785714,0.1095,0.765857143
Backstreet Boys,0.1823,0.6482,232053.6,0.729,3.48E-06,0.2416,-5.2608,0,5,0.0293,113.4268,3.8,0.5118,0.94524,0.1822,0.0678,0.7506
Barbra Streisand,0.411666667,0.589,197680,0.441333333,0,0.246,-12.025,1,6,0.113533333,114.2476667,3.666666667,0.743333333,0.9439,0.113333333,0.054,0.832666667
Beach Boys,0.249325,0.54075,182593.25,0.59975,3.10E-05,0.189,-6.9135,0.75,6.75,0.033625,110.9235,4,0.73875,0.981525,0.208,0.00175,0.79025
Beautiful South,0.37348,0.590909091,230186.6364,0.484727273,0.001775678,0.130545455,-12.74436364,0.909090909,6.636363636,0.045645455,122.1786364,4,0.527090909,0.406445455,0.170363636,0.089636364,0.739818182
Beauty And The Beast,0.695,0.4725,220333,0.453,2.58E-05,0.2265,-9.749,0.5,5.5,0.0521,114.914,4,0.526,0.9652,0.125,0.085,0.79
Bee Gees,0.276,0.5495,224480,0.41075,0.02825244,0.105325,-11.188,0.5,5.75,0.036525,106.1845,4,0.5145,0.0115,0.14575,0.13975,0.7145
Bette Midler,0.621876429,0.477428571,210461.8571,0.401678571,0.000814142,0.1635,-11.5465,0.857142857,6.214285714,0.042778571,111.6189286,4,0.416071429,0.944328571,0.165928571,0.063285714,0.770928571
Bill Withers,0.21777,0.7218,224145.1,0.5465,0.00407442,0.08906,-11.4974,0.6,7.3,0.06915,114.0645,4,0.7768,0.7669,0.1913,0.0579,0.7508
Billie Holiday,0.943272727,0.520818182,190287.9091,0.144372727,0.03411757,0.147272727,-14.31981818,0.909090909,5.454545455,0.048218182,90.91736364,4,0.375454545,0.574909091,0.232,0.085727273,0.682454545
Billy Joel,0.347811111,0.533111111,259403,0.599666667,2.91E-05,0.2777,-6.886111111,1,2.888888889,0.032911111,144.8931111,3.666666667,0.568555556,0.855155556,0.122333333,0.045888889,0.831555556
Bing Crosby,0.697666667,0.52,177307.6667,0.263666667,0.000173267,0.254333333,-12.57266667,0.666666667,3.666666667,0.037833333,107.3736667,3.333333333,0.508333333,0.9827,0.324333333,0.009,0.666666667
Blur,0.162396,0.478,273365.4,0.6776,0.00093359,0.111,-7.2274,1,7,0.05012,126.6684,3.8,0.5986,0.54614,0.1426,0.0954,0.7618
Bob Dylan,0.723,0.558333333,271600,0.373666667,0.001023667,0.155466667,-14.70666667,1,4.333333333,0.035533333,100.969,4,0.527,-0.344733333,0.097333333,0.121666667,0.781
Bob Marley,0.10413875,0.7585,216748.25,0.466125,3.97E-06,0.0996375,-10.02925,0.625,6.625,0.1417375,113.739625,4,0.724125,0.9398875,0.319875,0.03875,0.6415
Bob Rivers,0.23841,0.569,146408,0.5568,2.70E-05,0.37954,-10.1638,0.8,5.4,0.1136,130.463,4,0.6278,0.59496,0.1632,0.0466,0.7902
Bob Seger,0.143150833,0.588333333,260275.5833,0.80825,0.005151153,0.18915,-5.251916667,0.916666667,5.166666667,0.039275,123.6974167,4,0.615833333,0.477608333,0.112166667,0.077333333,0.810583333
Bon Jovi,0.081833333,0.425222222,302714.1111,0.817222222,2.24E-06,0.205911111,-4.160777778,0.777777778,2.888888889,0.041622222,116.6852222,3.888888889,0.398777778,0.111244444,0.139666667,0.095444444,0.764555556
Boney M.,0.15032,0.7224,253018.6,0.8316,0.11109538,0.2504,-7.0939,0.3,3.2,0.06653,126.877,4,0.9276,0.56857,0.2217,0.085,0.6933
Bonnie Raitt,0.472109091,0.660363636,286341,0.470909091,0.001360573,0.259390909,-11.83181818,0.818181818,5.636363636,0.037345455,106.8867273,4,0.536818182,0.259609091,0.133545455,0.099272727,0.767181818
Bread,0.7443,0.47,174648,0.24432,0.000304126,0.11987,-15.3858,1,7,0.03022,110.829,4,0.3851,0.44347,0.1073,0.0652,0.8276
Britney Spears,0.122298333,0.743,213691.1667,0.7035,0.0002028,0.1323,-4.9745,0.5,5,0.039983333,119.708,4,0.700166667,0.44045,0.091833333,0.0935,0.815
Bruce Springsteen,0.105297143,0.579285714,221041.7143,0.827,0.002264684,0.192,-7.040714286,0.857142857,6.714285714,0.038014286,117.3091429,4,0.817428571,0.833485714,0.145857143,0.057142857,0.797
Bruno Mars,0.295827273,0.672909091,210761.8182,0.641090909,6.58E-06,0.160981818,-5.354909091,0.636363636,4.090909091,0.053090909,128.7349091,4,0.565,0.4177,0.195181818,0.062090909,0.742636364
Bryan White,0.282472727,0.501272727,206333.6364,0.467545455,4.33E-07,0.114627273,-9.996181818,1,3.818181818,0.032781818,128.192,4,0.419745455,0.467918182,0.171090909,0.079909091,0.749272727
Cake,0.090643333,0.6125,215362.3333,0.751666667,0.014611017,0.121133333,-7.843166667,0.5,9.666666667,0.06105,136.025,4,0.805833333,0.330633333,0.131666667,0.092666667,0.775333333
Carly Simon,0.462771429,0.576142857,225949.1429,0.520714286,0.000185994,0.1482,-11.39985714,0.857142857,5.142857143,0.031685714,110.9734286,4,0.593,0.904371429,0.189571429,0.062714286,0.747571429
Carol Banawa,0.805857143,0.404142857,251762.4286,0.356,0.128169129,0.171285714,-9.019142857,1,2.285714286,0.031585714,123.6275714,3.857142857,0.191571429,0.775442857,0.172,0.054571429,0.773857143
Carpenters,0.741692308,0.388615385,215546.5385,0.300307692,0.00128921,0.124392308,-13.14538462,0.923076923,5.846153846,0.036415385,123.8615385,3.846153846,0.374392308,0.966953846,0.191307692,0.059615385,0.749153846
Cat Stevens,0.487331579,0.544473684,206286.5789,0.412631579,0.030965221,0.110178947,-11.63789474,1,3.684210526,0.037957895,121.7938947,3.947368421,0.575842105,0.593084211,0.191789474,0.084842105,0.723421053
Celine Dion,0.18635,0.5175,261267,0.4825,0.01195262,0.1343,-7.546,0.5,9.5,0.03355,110.2735,4,0.26465,0.93865,0.2065,0.0835,0.71
Chaka Khan,0.302276471,0.690941176,256571.6471,0.663941176,0.085485113,0.169070588,-8.971941176,0.705882353,5.705882353,0.071794118,110.2054118,4,0.743764706,0.945441176,0.243764706,0.062411765,0.693764706
Cheap Trick,0.147018333,0.545166667,281416.6667,0.696666667,0.047814782,0.246416667,-10.23208333,0.916666667,3.75,0.0334,121.3599167,4,0.593333333,-0.065008333,0.118,0.128,0.753916667
Cher,0.30644,0.557,231082.8,0.613,0,0.16892,-10.2406,0.8,7,0.03662,125.8652,4,0.4676,0.73184,0.131,0.1026,0.7664
Chicago,0.577333333,0.533,282020,0.514,1.03E-06,0.0962,-8.874666667,0.666666667,5.333333333,0.056166667,90.68166667,4,0.429666667,0.8591,0.109,0.021,0.87
Chris Rea,0.129972727,0.630090909,263712.6364,0.633363636,0.057504355,0.151690909,-10.29354545,0.363636364,5.727272727,0.032063636,122.6860909,3.818181818,0.648181818,0.804936364,0.144272727,0.048454545,0.807272727
Christina Aguilera,0.4065,0.446,242260,0.7465,0.000178025,0.333,-2.6115,0,4.5,0.11425,132.546,4,0.2746,-0.0074,0.1555,0.1545,0.6905
Christina Perri,0.309,0.421,285120,0.407,0.000961,0.11,-7.445,1,10,0.0267,139.028,3,0.161,0.9956,0.273,0.06,0.666
Christy Moore,0.72475,0.547375,223926.75,0.3616625,0.04200915,0.64675,-14.243375,0.625,6.5,0.051025,104.7515,3.375,0.462125,0.3965,0.12125,0.0905,0.788375
Chuck Berry,0.71075,0.61575,177165,0.708375,0.019531088,0.193425,-9.943125,1,6.5,0.0936375,128.983125,4,0.87175,0.5055125,0.098375,0.036125,0.8655
Cinderella,0.2959375,0.452125,250682.625,0.602375,0.002973925,0.177225,-11.371375,0.875,8.125,0.034275,111.84375,4,0.43775,0.7734375,0.191,0.089125,0.719875
Clash,0.044169667,0.423333333,179751,0.798333333,0.263866667,0.259666667,-7.904666667,0.666666667,3.333333333,0.048166667,147.1143333,4,0.661333333,-0.140066667,0.083333333,0.125333333,0.791
Cliff Richard,0.0792,0.71,214576,0.792,3.32E-05,0.0871,-5.996,1,0,0.0453,116.687,4,0.858,-0.9952,0.092,0.246,0.662
Coldplay,0.218903125,0.4813125,271405.75,0.6070625,0.049886056,0.15255625,-7.3413125,0.5,5.6875,0.03295625,129.9453125,3.9375,0.2734375,-0.08528125,0.0981875,0.08825,0.8135
Cole Porter,0.756,0.595,200206.5,0.356,0.01965,0.08235,-12.124,0.5,5,0.04145,129.2145,4,0.4975,0.49135,0.237,0.058,0.705
Conway Twitty,0.5895,0.612,215533.5,0.2905,1.32E-05,0.1365,-14.317,1,3,0.0498,117.662,4,0.4015,0.96315,0.183,0.0735,0.7435
Counting Crows,0.300649412,0.539235294,252470.5294,0.677588235,0.009463822,0.172794118,-6.799411765,1,4.470588235,0.039752941,119.7046471,4.058823529,0.597317647,0.770364706,0.185058824,0.059529412,0.755823529
Creedence Clearwater Revival,0.093985,0.634,181363.3333,0.6975,0.089199416,0.122625,-7.939833333,0.916666667,4.083333333,0.032925,120.4451667,4,0.758416667,-0.015358333,0.101833333,0.097333333,0.800583333
Crowded House,0.141135789,0.511,209155.9474,0.630684211,0.000670806,0.115310526,-11.05242105,0.947368421,5.421052632,0.038073684,103.5945789,4,0.615368421,-0.154610526,0.075631579,0.099736842,0.824736842
Culture Club,0.2289,0.7243,229970.4,0.6243,0.0274,0.2201,-11.8658,0.6,7.6,0.04697,103.7475,4,0.776,0.14436,0.1735,0.1065,0.7195
Cyndi Lauper,0.381388,0.6673,241952.2,0.5774,0.000179584,0.16561,-9.7643,0.8,3.3,0.03293,134.8049,4,0.5335,0.01719,0.136,0.0783,0.7858
Dan Fogelberg,0.527866667,0.462444444,258441.4444,0.337522222,0.000324411,0.172544444,-15.02766667,0.888888889,3,0.0288,111.561,3.888888889,0.415444444,0.907111111,0.173333333,0.072555556,0.754
Dave Matthews Band,0.0329,0.5215,256593.5,0.793,9.95E-06,0.12235,-5.309,1,5.5,0.03275,141.676,4,0.5265,-0.9739,0.1035,0.1965,0.7
David Allan Coe,0.417875,0.56625,183633.5,0.395,1.06E-06,0.1994125,-10.720625,1,5.5,0.0380875,122.9505,3.75,0.602625,0.3082625,0.146125,0.080125,0.773875
David Pomeranz,0.543857143,0.467714286,242670.5714,0.293714286,3.71E-06,0.135257143,-10.17014286,1,3.142857143,0.028642857,97.77371429,3.857142857,0.181714286,0.927185714,0.155714286,0.044,0.800428571
Dean Martin,0.72125,0.53925,153673.25,0.34675,0,0.2195,-10.9665,0.25,6.5,0.061725,115.84375,4,0.54525,0.865825,0.175,0.031,0.79425
Deep Purple,0.13300704,0.510733333,328082.6667,0.6542,0.253514887,0.170073333,-11.09,0.6,6.533333333,0.043373333,122.434,4,0.585933333,0.41924,0.138,0.077933333,0.783733333
Def Leppard,0.0079743,0.5326,304874.1,0.8584,0.060086094,0.38376,-6.3744,0.5,6.9,0.05098,106.8256,4,0.5027,0.5802,0.1858,0.0957,0.7181
Demi Lovato,0.237115,0.54825,212786.625,0.645875,2.00E-05,0.1152,-5.016125,0.625,7.875,0.064325,119.58225,3.875,0.45625,0.0224625,0.136875,0.116125,0.747125
Depeche Mode,0.168633333,0.619666667,218302.3333,0.757333333,0.135566667,0.143033333,-8.596666667,0.666666667,4,0.0347,104.7973333,4,0.675666667,0.308266667,0.122333333,0.199666667,0.677666667
Devo,0.223563,0.675,197317.3,0.6664,0.22422572,0.14262,-11.5926,0.9,4.1,0.04873,145.7995,3.9,0.7389,0.74942,0.1836,0.0684,0.7482
Dewa 19,0.29072025,0.50625,263681,0.663,0.000171768,0.17125,-6.923,0.75,5,0.041025,157.07875,3.75,0.5845,0,0,0,1
Diana Ross,0.3083,0.5963,264231.9,0.5981,0.0752946,0.2133,-9.2215,0.9,6.3,0.03951,104.8038,4,0.5523,0.71016,0.2581,0.0724,0.6695
Dire Straits,0.328535,0.6483,352349.15,0.59845,0.173273215,0.13118,-11.16305,0.65,5.8,0.04325,127.64585,4,0.64475,0.249965,0.11215,0.08525,0.8025
Dolly Parton,0.934,0.661,158853,0.265,0.00707,0.12,-14.42,1,2,0.0465,121.058,4,0.831,0.9961,0.288,0.032,0.679
Don Henley,0.249258333,0.63025,308029.9167,0.601833333,0.0008261,0.128141667,-8.780333333,0.75,6.25,0.030158333,107.344,4,0.579075,0.611266667,0.127416667,0.07825,0.794166667
Don McLean,0.696285714,0.438571429,203352.2143,0.289071429,0.047867131,0.226742857,-15.75007143,0.785714286,6.142857143,0.032957143,108.8145714,3.857142857,0.467785714,0.275285714,0.153285714,0.125285714,0.7215
Don Moen,0.569,0.4695,266449.1667,0.3885,0.000362357,0.352666667,-10.01616667,1,4.833333333,0.027183333,89.14433333,4,0.235333333,0.993733333,0.254166667,0.037166667,0.7085
Donna Summer,0.09113,0.742363636,368787,0.629636364,0.080454382,0.147845455,-12.92381818,0.636363636,4.181818182,0.043818182,123.2993636,4,0.783818182,0.725772727,0.258363636,0.063272727,0.678363636
Doobie Brothers,0.2742,0.6787,215926.6,0.5411,8.09E-05,0.08003,-12.8849,0.6,3.6,0.03632,125.9773,3.9,0.9071,0.43419,0.1247,0.0597,0.8159
Doors,0.377033333,0.511222222,299508.1111,0.578111111,0.003512406,0.126711111,-8.420666667,0.555555556,5.666666667,0.037077778,125.035,4,0.615577778,0.101133333,0.139666667,0.165,0.695333333
Doris Day,0.91,0.226,205893,0.108,3.04E-05,0.145,-13.352,1,5,0.0368,81.874,4,0.141,0.971,0.173,0,0.827
Dream Theater,0.00178359,0.4414,533714.5,0.8886,0.03902416,0.21537,-6.7911,0.5,5.9,0.08325,135.9018,4,0.30853,-0.10983,0.0854,0.1598,0.7546
Dusty Springfield,0.443666667,0.426,172977.8333,0.5235,1.97E-07,0.14315,-9.7085,0.666666667,8.333333333,0.035683333,111.6811667,3.666666667,0.538833333,-0.137683333,0.118333333,0.120166667,0.761333333
Eagles,0.2964775,0.54575,234116.25,0.6965,0.000828475,0.2295,-9.8785,1,6.25,0.034625,141.817,4,0.78925,0.990025,0.21725,0.02625,0.7565
Ed Sheeran,0.50933,0.675,270402.7,0.35889,0.0010772,0.16042,-11.0485,0.9,3.3,0.04365,95.8033,4,0.3823,0.79724,0.2223,0.0619,0.7158
Eddie Cochran,0.347883333,0.6475,125111.0833,0.641833333,0.011452595,0.144358333,-10.84166667,0.916666667,6.75,0.068733333,138.6198333,3.916666667,0.913083333,0.684925,0.180916667,0.037833333,0.78125
Electric Light Orchestra,0.482885714,0.578642857,253217.2143,0.569571429,0.000367471,0.287821429,-8.495928571,0.642857143,5.214285714,0.031771429,116.4572143,4,0.632,-0.180242857,0.112214286,0.174857143,0.713
Ella Fitzgerald,0.709777778,0.616333333,249746.5556,0.232222222,0,0.124911111,-13.64688889,0.555555556,2.555555556,0.085288889,106.7902222,4,0.492,0.560677778,0.191666667,0.055,0.753777778
Ellie Goulding,0.442833333,0.566,235136.5,0.6515,6.40E-05,0.142516667,-6.4765,0.5,5.833333333,0.04495,133.6503333,4,0.473,0.501666667,0.189166667,0.078333333,0.732166667
Elton John,0.33452,0.5192,241908.4,0.7058,0.040772136,0.13216,-7.577,0.8,3.2,0.07842,132.9778,3.8,0.7392,0.4098,0.1572,0.0742,0.7688
Elvis Costello,0.42484,0.598,188397.4,0.488,0.001950558,0.19548,-9.867,0.6,1.8,0.05042,121.0842,4,0.509,0.53344,0.1648,0.0992,0.736
Elvis Presley,0.579883333,0.636333333,131506.5,0.573,0.000982338,0.1385,-10.42033333,1,3.666666667,0.0903,100.9095,4,0.880333333,0.653183333,0.230833333,0.0925,0.676833333
Eminem,0.1945,0.735,274893,0.863666667,0,0.381333333,-4.973,0.666666667,9.666666667,0.293,165.312,4,0.702,0.321166667,0.143333333,0.184,0.672666667
Emmylou Harris,0.435,0.654,191293,0.376,6.77E-06,0.106,-8.695,1,3,0.0304,123.072,3,0.482,-0.4404,0.012,0.032,0.956
Engelbert Humperdinck,0.5722,0.4091,199791.3,0.4049,0.000363739,0.1665,-11.998,1,4.3,0.03036,107.1917,3.4,0.4228,0.74155,0.1814,0.1037,0.7151
Enigma,0.103833333,0.506666667,287622.3333,0.684666667,0.294,0.286,-12.693,0.666666667,10,0.042166667,96.024,4,0.393333333,0.8497,0.164333333,0.066,0.769666667
Enrique Iglesias,0.098433333,0.62,235284.6667,0.851333333,6.47E-06,0.1201,-3.626333333,0.666666667,5.666666667,0.1059,102.373,4,0.433666667,0.792833333,0.164333333,0.1,0.735666667
Enya,0.848285714,0.403142857,228312.4286,0.252857143,0.483428571,0.112957143,-14.496,1,5.142857143,0.032385714,117.0951429,3.428571429,0.3451,0.706542857,0.107285714,0.034571429,0.858571429
Erasure,0.083756,0.6251,227909.3,0.6928,0.005070478,0.2509,-11.7869,0.8,3,0.03042,116.8826,4,0.6544,0.47154,0.1645,0.1158,0.7196
Eric Clapton,0.253007273,0.653909091,235821.9091,0.537181818,0.022227728,0.346927273,-12.04009091,0.818181818,6.636363636,0.047090909,122.7687273,4,0.660363636,0.428372727,0.132454545,0.067636364,0.799909091
Erik Santos,0.770285714,0.409857143,258309.7143,0.292142857,2.04E-05,0.124757143,-11.25414286,1,8.857142857,0.033842857,130.2884286,4,0.249857143,0.826728571,0.156,0.024857143,0.819142857
Etta James,0.707,0.2945,183753.5,0.3375,0.000303445,0.279,-9.2845,1,6.5,0.03175,139.7575,3,0.4515,0.98785,0.3475,0.0115,0.641
Europe,0.0653,0.512333333,273075.3333,0.689666667,0.00074079,0.156166667,-7.872333333,0.333333333,6.333333333,0.041533333,124.0246667,4,0.233,-0.052933333,0.065,0.096,0.838666667
Eurythmics,0.06405,0.5485,260906.5,0.7495,0.002368,0.303,-6.641,1,2.5,0.0319,101.991,4,0.4905,-0.6476,0.101,0.23,0.669
Evanescence,0.065528907,0.409466667,229944.8667,0.822933333,0.004860177,0.2434,-4.951133333,0.333333333,6.2,0.06682,132.5432667,4,0.33442,-0.196213333,0.107733333,0.119133333,0.772866667
Everclear,0.08107,0.477545455,209492.1818,0.901181818,0.062438305,0.184663636,-5.864363636,1,4.727272727,0.133245455,125.2688182,4,0.509081818,0.042527273,0.126636364,0.120545455,0.752727273
Everlast,0.049690833,0.655916667,253475.5833,0.726333333,0.019898276,0.18685,-5.50525,0.583333333,4.75,0.063825,100.6491667,4,0.483083333,0.010133333,0.161416667,0.136166667,0.7025
Extreme,0.168395,0.52675,256682.5,0.66125,0.0265325,0.10325,-10.09725,1,5.5,0.0462,126.145,4,0.5,0.4456,0.123,0.07725,0.7995
Fabolous,0.228,0.7285,242573,0.5865,0,0.14255,-7.093,0.5,11,0.06715,86.2545,4,0.623,0.9672,0.122,0.0455,0.8325
Face To Face,0.016555,0.406,185326.5,0.9725,5.70E-06,0.2955,-4.993,1,5.5,0.0694,194.6595,4,0.7045,-0.01785,0.1025,0.1005,0.7965
Faces,0.399533333,0.540333333,256631.3333,0.699666667,0.060437133,0.1441,-8.360333333,1,5.333333333,0.0326,104.2563333,4,0.812666667,0.6674,0.125666667,0.074666667,0.799666667
Faith Hill,0.303790909,0.512818182,219899.3636,0.572818182,0,0.131018182,-7.801909091,1,6.272727273,0.032463636,135.8978182,4,0.430818182,0.794318182,0.199,0.034272727,0.767
Faith No More,0.052329294,0.4999375,283383.9375,0.803375,0.0236528,0.171625,-8.0843125,0.4375,5.625,0.065175,126.4373125,4,0.377575,0.37823125,0.1753125,0.097125,0.727625
Falco,0.329,0.593,198987,0.935,0.000323,0.418,-5.112,1,7,0.13,177.816,4,0.923,0.9652,0.106,0.01,0.884
Fall Out Boy,0.026393714,0.540428571,210061,0.925,3.63E-05,0.351142857,-3.237714286,0.285714286,5.428571429,0.099742857,145.4947143,4,0.552714286,0.573285714,0.134714286,0.096,0.769285714
Fastball,0.131157933,0.567333333,194482.4,0.805733333,0.004276687,0.18226,-5.535666667,0.733333333,4,0.03458,132.627,4,0.642333333,-0.137486667,0.081466667,0.103066667,0.815466667
Fatboy Slim,0.01205,0.663,413880,0.9915,0.00292,0.3505,-6.711,1,7,0.2535,152.5965,4,0.07365,0,0,0,1
Fifth Harmony,0.2815,0.803,206566.5,0.6895,3.52E-06,0.0801,-4.192,1,4.5,0.1396,125.1375,4,0.6735,0.99675,0.1835,0.039,0.7775
Fiona Apple,0.636993333,0.5338,253908.4667,0.3782,0.008716507,0.138426667,-11.91966667,0.6,3.666666667,0.048473333,110.9582,3.6,0.357433333,0.454513333,0.152533333,0.0878,0.759466667
Fleetwood Mac,0.20005875,0.64925,232106.625,0.460875,0.02572675,0.207575,-15.924,0.625,5.125,0.031025,125.247375,4,0.767875,0.9870875,0.229,0.0585,0.712625
Flo-Rida,0.015976667,0.739333333,208082.1667,0.846,2.98E-07,0.238666667,-5.1875,0.5,1.833333333,0.055883333,111.8345,4,0.815166667,-0.01075,0.116,0.166,0.718333333
Foo Fighters,0.040567464,0.420727273,245701.8182,0.847454545,0.057103664,0.153872727,-5.467,0.818181818,5.363636364,0.052590909,152.504,4,0.397,0.4554,0.147181818,0.065,0.787727273
Foreigner,0.166581385,0.584846154,225629.6154,0.730076923,0.000572904,0.1869,-7.088076923,0.538461538,5.769230769,0.044961538,130.6023846,4,0.587615385,0.510046154,0.142461538,0.088923077,0.768538462
Frank Zappa,0.1219775,0.65425,219990,0.644,0.01670125,0.3355,-11.14375,0.25,7.25,0.137325,121.70025,2.5,0.7165,0.764175,0.0755,0.0375,0.887
Frankie Goes To Hollywood,0.317623333,0.604444444,231028,0.515877778,0.020545566,0.138122222,-15.59388889,0.555555556,7,0.042277778,118.2974444,4,0.576555556,0.537011111,0.202333333,0.082777778,0.714777778
Frankie Laine,0.858625,0.51525,153633.25,0.345625,1.07E-05,0.23325,-14.58375,0.75,2.875,0.0333375,111.186875,4.125,0.492875,0.279875,0.103375,0.09025,0.806375
Frankie Valli,0.480083333,0.7335,168107.5833,0.592833333,9.06E-07,0.135391667,-8.59425,1,4.666666667,0.06495,117.90775,4,0.790833333,0.519766667,0.15575,0.073,0.77125
Freddie Aguilar,0.600666667,0.565333333,251684.6667,0.476666667,0.000130233,0.167666667,-10.21966667,1,5.666666667,0.030666667,137.3746667,4,0.382666667,0.326766667,0.04,0.004333333,0.955666667
Freddie King,0.42365,0.609333333,246315.3333,0.502833333,0.000363947,0.179316667,-11.06466667,0.666666667,5.166666667,0.0408,130.1796667,3.666666667,0.6685,0.71275,0.178166667,0.087166667,0.735
Free,0.241,0.782,330643,0.476,0.000103,0.17,-12.817,1,2,0.0888,119.992,4,0.813,0.9549,0.123,0.022,0.856
Fun.,0.0679,0.53,277706.5,0.716,0.00018025,0.08735,-6.407,1,2.5,0.06205,126.686,4.5,0.3785,0.0073,0.1015,0.114,0.784
Garth Brooks,0.5031,0.5991,223043.7,0.5592,0.00073359,0.21549,-6.8679,0.9,5.4,0.04582,114.3796,4,0.3753,0.84818,0.1217,0.0581,0.8203
Gary Numan,0.03740515,0.5715,243150,0.73025,0.159791773,0.0896,-8.09825,0.75,6.75,0.061775,105.14775,4,0.3355,-0.4498,0.0995,0.1675,0.73325
Gary Valenciano,0.720333333,0.309222222,272346.6667,0.273222222,7.48E-05,0.120055556,-11.79566667,1,5.555555556,0.032888889,99.11633333,4.111111111,0.175522222,0.561633333,0.099111111,0.056444444,0.844444444
George Formby,0.758,0.924,202027,0.451,0,0.102,-13.821,1,10,0.061,113.49,4,0.744,0.7765,0.096,0.092,0.812
George Harrison,0.31937,0.477545455,252801.2727,0.604363636,0.042546727,0.136827273,-8.639272727,0.727272727,5.545454545,0.031627273,114.644,3.909090909,0.471636364,0.716809091,0.194909091,0.048636364,0.756636364
George Jones,0.27835,0.5665,185453,0.535,2.55E-05,0.15125,-11.9795,1,4.5,0.0275,136.252,4,0.6155,0.4939,0.0795,0.0585,0.8615
George Michael,0.361285714,0.481285714,316323.8571,0.459571429,0.001290776,0.174414286,-11.35457143,0.428571429,4,0.056314286,106.8524286,4,0.484714286,0.223814286,0.164428571,0.140142857,0.695571429
George Strait,0.29312,0.616933333,209445.5333,0.5686,3.76E-05,0.154786667,-9.226066667,1,6.4,0.03224,133.5077333,4,0.506933333,0.762993333,0.1484,0.0462,0.805333333
Gino Vannelli,0.236221579,0.500052632,280418.9474,0.645157895,0.018189628,0.110794737,-10.76721053,0.684210526,7.789473684,0.042268421,123.1208947,4,0.490126316,0.372347368,0.147157895,0.093789474,0.759105263
Gipsy Kings,0.444,0.769,224067,0.872,0,0.0888,-8.089,1,7,0.101,119.364,4,0.879,0,0,0,1
Glen Campbell,0.35892,0.4964,174742.7,0.5733,0.010865187,0.23575,-10.1271,0.7,5.5,0.03142,111.5401,4,0.6518,0.81715,0.1615,0.0609,0.7777
Gloria Estefan,0.315226667,0.564666667,259609,0.569,3.81E-05,0.220333333,-9.603333333,1,3.666666667,0.040466667,125.589,4,0.552666667,0.911333333,0.142666667,0.069333333,0.787666667
Gloria Gaynor,0.032981667,0.712166667,257557.5,0.7285,0.00208555,0.225333333,-9.222,0.666666667,4.166666667,0.045666667,119.8796667,4,0.657333333,0.917966667,0.137333333,0.106666667,0.756
Gordon Lightfoot,0.599785714,0.591214286,222026.6429,0.3625,0.006221478,0.121307143,-13.26471429,0.928571429,6.714285714,0.029742857,106.8580714,3.928571429,0.472285714,0.830714286,0.155,0.072571429,0.773
Grand Funk Railroad,0.151,0.846,202760,0.721,0,0.253,-5.261,1,2,0.0498,121.449,4,0.608,0.9984,0.368,0.013,0.619
Grateful Dead,0.3894,0.664,311300.6,0.4626,0.05655933,0.10512,-12.3174,1,3,0.03312,115.4628,4,0.788,0.54792,0.125,0.0638,0.8112
Grease,0.391283333,0.678416667,189393.3333,0.47275,0.02805968,0.104166667,-11.64183333,0.833333333,5.833333333,0.065025,131.5466667,3.75,0.67225,0.145233333,0.1385,0.091166667,0.77
Great Big Sea,0.321685714,0.606285714,158032.4286,0.626,3.97E-06,0.128657143,-8.705571429,0.857142857,5.857142857,0.105928571,140.0027143,3.857142857,0.800857143,0.510442857,0.117714286,0.073285714,0.809142857
Green Day,0.007223036,0.424727273,238632.5455,0.868,0.001677351,0.301190909,-4.107727273,0.818181818,3.727272727,0.076945455,129.5428182,4,0.650727273,-0.519581818,0.101363636,0.159818182,0.738636364
Guided By Voices,0.318831,0.3979,140394.6,0.77,0.233633602,0.36783,-8.8438,0.9,4.4,0.05696,117.5951,4,0.4946,0.1884,0.1096,0.0926,0.7978
Guns N' Roses,0.187138667,0.409416667,326161.0833,0.773,0.097232333,0.193008333,-9.157166667,0.833333333,8.166666667,0.058158333,118.0645,4,0.465666667,0.434025,0.157416667,0.126583333,0.71575
Halloween,0.104666667,0.482333333,202333,0.942666667,4.57E-05,0.094,-6.319666667,0,5,0.200333333,168.0716667,4,0.331666667,-0.9735,0.067,0.137,0.795
Hank Snow,0.71325,0.4825,149853,0.5045,0.003275,0.20375,-11.626,1,5.25,0.0359,115.1195,4,0.767,0.6436,0.0635,0.0375,0.899
Hank Williams,0.326457143,0.612571429,212289.5714,0.467857143,0.000337143,0.148885714,-12.27171429,1,3.142857143,0.046342857,129.1392857,3.857142857,0.758714286,-0.631514286,0.043428571,0.131571429,0.825
Hank Williams Jr.,0.15302,0.6608,207868.1,0.5431,8.24E-06,0.13222,-11.6165,1,4.3,0.06081,120.7858,4,0.7783,0.38369,0.1109,0.0703,0.8187
Hanson,0.0701,0.584,216580,0.8105,1.55E-06,0.2355,-4.323,0.5,6,0.0317,117.0885,4,0.5585,-0.0191,0.0795,0.083,0.8375
Happy Mondays,0.0041336,0.5952,253266.6,0.856,0.19380158,0.23068,-9.1296,0.8,6.4,0.05634,117.5642,4,0.7044,-0.4113,0.064,0.0986,0.8372
Harry Belafonte,0.7854,0.523,206202.2,0.4434,0,0.19146,-11.4354,0.8,2.4,0.1563,96.591,4.2,0.8328,0.67922,0.1202,0.0344,0.8452
"Harry Connick, Jr.",0.736333333,0.5095,215846.5,0.242883333,0.000267967,0.177716667,-14.04433333,0.833333333,4.833333333,0.080633333,137.0923333,4,0.508166667,0.872033333,0.212333333,0.0465,0.741333333
Heart,0.015,0.547,261933,0.691,0.105,0.144,-13.553,0,4,0.0369,137.148,4,0.667,0.9295,0.165,0.077,0.758
Helloween,0.034464933,0.389222222,314308.1111,0.891111111,0.071026967,0.1903,-6.015555556,0.111111111,6.888888889,0.092133333,123.1937778,3.888888889,0.301355556,0.156233333,0.140555556,0.142,0.717555556
High School Musical,0.170361111,0.667111111,209736.2222,0.820111111,0.000148124,0.205188889,-4.906666667,0.666666667,3.777777778,0.081322222,122.2897778,3.888888889,0.586666667,0.577988889,0.154555556,0.053222222,0.792333333
Hillsong United,0.2867,0.343666667,346711,0.446333333,0.034331667,0.109,-10.17633333,0.666666667,1,0.031666667,141.2696667,3.666666667,0.1619,0.953166667,0.198666667,0.055666667,0.745666667
Hollies,0.223,0.50125,187023.25,0.642,4.33E-06,0.2347,-8.033,0.75,5,0.032225,116.5675,4,0.649,0.7573,0.13225,0.05275,0.8145
Hooverphonic,0.06709775,0.46325,250511.5,0.658125,0.426564375,0.1552875,-8.44425,0.375,4.375,0.0517125,133.78525,3.875,0.212425,0.18635,0.15875,0.144125,0.697125
Housemartins,0.146133333,0.5605,195470,0.649833333,0.000368529,0.125991667,-12.35,0.833333333,5.5,0.044091667,130.992,4,0.820083333,-0.194525,0.0895,0.10775,0.802833333
Howard Jones,0.295345455,0.69,238547.9091,0.628,0.004633722,0.095818182,-8.766727273,0.818181818,5.727272727,0.037372727,99.31036364,4,0.752818182,0.092218182,0.191818182,0.126,0.682181818
Human League,0.0344358,0.6166,265543.8,0.6364,0.00087216,0.09034,-9.6354,0.8,4.4,0.0381,117.4054,4,0.515,0.61584,0.1242,0.078,0.798
INXS,0.024551333,0.597888889,228337.3333,0.808055556,0.125675688,0.186,-5.145555556,0.833333333,6.666666667,0.052972222,120.5086667,3.888888889,0.481722222,0.101894444,0.133055556,0.135666667,0.731222222
Ian Hunter,0.0828825,0.51775,365560,0.6855,0.000166635,0.28025,-8.754,1,5.75,0.069075,115.7405,4,0.721,0.844025,0.16875,0.06625,0.7645
Ice Cube,0.1749,0.7225,267627,0.713,0,0.1179,-5.446,1,5,0.432,123.4515,4,0.5775,-0.0129,0.1045,0.144,0.7515
Iggy Pop,0.038489917,0.47025,279882.75,0.83725,0.016578053,0.340491667,-7.355583333,1,4.083333333,0.047541667,131.5865833,4,0.66975,0.972925,0.159083333,0.040583333,0.800416667
Il Divo,0.684,0.19,270267,0.239,2.20E-05,0.11,-10.39,1,8,0.0378,76.416,1,0.0756,0.9921,0.375,0.145,0.481
Imagine Dragons,0.115166667,0.559833333,196535.6667,0.775166667,0.004714653,0.271183333,-6.152333333,0.833333333,4,0.072016667,105.1863333,4,0.497833333,0.6418,0.107666667,0.05,0.8425
Imago,0.22516,0.449,278346.8,0.59,5.58E-06,0.13488,-6.0028,0.6,8.2,0.03314,111.9562,4,0.3722,-0.12168,0.0186,0.0368,0.9446
Imperials,0.0981,0.826,235467,0.573,0.00019,0.0884,-13.839,1,7,0.0418,125.716,4,0.971,0.9916,0.287,0.032,0.681
Incognito,0.322333333,0.673333333,376435.6667,0.549333333,0.0017601,0.139633333,-13.197,0.333333333,3.666666667,0.032433333,131.4076667,4,0.886,0.726566667,0.124333333,0.071333333,0.803666667
Incubus,0.060813188,0.52525,248704.125,0.7015,0.076473301,0.1638,-7.380375,0.6875,5.125,0.04548125,124.6921875,3.875,0.36659375,0.43885625,0.13225,0.07525,0.792625
Indiana Bible College,0.434,0.393666667,395752.3333,0.521666667,0,0.645,-9.27,0.666666667,2,0.107166667,155.884,3.666666667,0.38,0.645733333,0.138,0.044333333,0.817333333
Indigo Girls,0.737,0.5955,303133,0.3445,0,0.19085,-9.5645,0.5,5.5,0.03875,97.458,4,0.644,0.9909,0.176,0.093,0.7305
Ingrid Michaelson,0.40824,0.6336,200889.3,0.5365,0.001176998,0.10493,-8.1118,1,4.9,0.03728,110.3629,3.8,0.5154,0.44912,0.1473,0.0509,0.8021
Inna,0.046,0.728,204014,0.8125,0.2274075,0.312,-6.5845,0,5,0.1656,146.0605,4,0.5395,0.99,0.241,0.0185,0.74
Insane Clown Posse,0.036631667,0.731,233429.5,0.788333333,1.24E-05,0.334666667,-5.018,0.666666667,5,0.217166667,119.6738333,4,0.5195,-0.620466667,0.155,0.128666667,0.7165
Iron Butterfly,0.080436667,0.493666667,215091.8889,0.553,0.002370567,0.254722222,-10.21033333,0.888888889,4.333333333,0.034722222,115.7837778,4,0.676777778,0.369966667,0.157444444,0.059666667,0.783
Irving Berlin,0.891416667,0.51575,185497.6667,0.240166667,0.164494233,0.177825,-14.99191667,0.5,6.666666667,0.100858333,118.38425,4,0.501,0.832341667,0.202166667,0.037583333,0.760083333
Isley Brothers,0.19335,0.51725,213750,0.599,1.34E-06,0.133775,-9.275,0.5,6.5,0.070425,153.54775,4,0.7145,0.497125,0.195,0.08375,0.72175
Israel Houghton,0.101233333,0.417,292481.3333,0.679333333,8.27E-07,0.306333333,-7.058666667,1,4.333333333,0.053166667,139.562,3.333333333,0.482333333,0.989866667,0.250333333,0,0.749666667
Iwan Fals,0.5,0.538,239843.5,0.5485,0.11404175,0.179,-7.85425,0.75,3.75,0.042725,95.7135,4,0.42525,-0.1806,0,0.0145,0.9855
J Cole,0.067833333,0.613,237804.3333,0.612333333,0,0.190666667,-7.771,0.333333333,4.666666667,0.278,147.99,4,0.461333333,-0.9581,0.101333333,0.118333333,0.780666667
Jackson Browne,0.438606667,0.522933333,296718.2667,0.4908,0.001235043,0.16754,-9.948533333,0.933333333,5.133333333,0.032546667,120.0682,4,0.4306,0.65454,0.128666667,0.068133333,0.803133333
James Taylor,0.421545455,0.567636364,217057.4545,0.330090909,0.012322887,0.239927273,-14.93345455,0.909090909,3.545454545,0.034472727,117.7654545,3.818181818,0.462818182,0.833736364,0.146,0.053727273,0.800272727
Janis Joplin,0.443377778,0.498888889,225446.7778,0.467666667,0.060235,0.271922222,-9.948111111,0.777777778,5.555555556,0.114555556,121.8467778,3.444444444,0.497222222,0.574566667,0.167444444,0.078333333,0.754111111
Jason Mraz,0.43162,0.6042,238185.2,0.4421,3.49E-06,0.14657,-9.278,0.9,4.7,0.03702,124.4532,3.7,0.4771,0.98183,0.2171,0.0328,0.7503
Jennifer Lopez,0.116342857,0.741142857,242195.5714,0.741571429,2.83E-05,0.218928571,-5.468714286,0.285714286,5.285714286,0.1032,105.1868571,4,0.651428571,0.649257143,0.162428571,0.058285714,0.779
Jim Croce,0.621214286,0.601571429,166703,0.554642857,0.006267536,0.106628571,-9.647,1,5.642857143,0.040807143,142.5130714,3.857142857,0.764214286,0.729835714,0.143142857,0.059285714,0.797642857
Jimi Hendrix,0.190031818,0.417,235564.8182,0.794545455,0.209299308,0.173454545,-7.025,0.727272727,6.090909091,0.126318182,117.5949091,3.909090909,0.521454545,0.574509091,0.141727273,0.073545455,0.784727273
Jimmy Buffett,0.3812025,0.65425,204500,0.477,7.24E-05,0.094925,-14.256,1,7.25,0.03765,123.128,4,0.81325,0.411825,0.06375,0.03775,0.8985
John Denver,0.66275,0.3505,199362.75,0.26625,0.0026175,0.205075,-12.353,0.75,4.25,0.032175,118.29,3.75,0.37475,0.95775,0.196,0.0515,0.75225
John Legend,0.44578,0.537,244384.2,0.6242,0,0.1163,-6.6696,0.8,8.4,0.0815,100.595,3.8,0.5844,0.98742,0.2642,0.0568,0.6786
John Martyn,0.523272727,0.592909091,245336.8182,0.300618182,0.022296915,0.107872727,-15.64390909,0.454545455,3.909090909,0.035763636,106.7035455,3.909090909,0.470909091,0.375572727,0.157272727,0.089909091,0.752909091
John McDermott,0.766333333,0.449,251549.6667,0.287222222,0.00080862,0.156766667,-12.23833333,1,4.333333333,0.031433333,112.4164444,3.555555556,0.343888889,0.726888889,0.160666667,0.049666667,0.789777778
John Mellencamp,0.067232667,0.693066667,242024.9333,0.8262,0.001346835,0.159953333,-4.591733333,0.933333333,7.466666667,0.035186667,122.4591333,4,0.795533333,0.679486667,0.193533333,0.084466667,0.722066667
John Prine,0.62975,0.596333333,214212.25,0.33375,0.00093522,0.17805,-14.70225,1,4.583333333,0.033958333,121.0201667,3.916666667,0.523583333,0.093391667,0.11175,0.078166667,0.81025
John Waite,0.122112667,0.590333333,258674.8667,0.6282,0.000312555,0.13142,-8.3826,0.666666667,7.266666667,0.03188,137.7316667,4,0.552,0.838693333,0.1912,0.090266667,0.718533333
Johnny Cash,0.63325,0.661,182081.375,0.439125,0.006822563,0.13275,-11.013375,0.125,9,0.04895,97.6955,4,0.47825,-0.7081875,0.045875,0.121375,0.83275
Joni Mitchell,0.810722222,0.552111111,213911.8889,0.322555556,0.000295623,0.167461111,-11.19855556,0.888888889,5.055555556,0.035611111,106.0379444,3.833333333,0.572944444,0.775572222,0.157111111,0.069833333,0.773222222
Jose Mari Chan,0.7972,0.5587,214598.7,0.26582,0.02384703,0.11473,-15.4741,0.6,4.7,0.03065,105.3048,4,0.3509,0.80525,0.1809,0.0542,0.7649
Joseph And The Amazing Technicolor Dreamcoat,0.774,0.323666667,205226.3333,0.167666667,0.055066667,0.123333333,-19.58766667,0.666666667,5,0.0887,101.4146667,3.666666667,0.221666667,0.004366667,0.127333333,0.096333333,0.776333333
Josh Groban,0.6626,0.283,262242.4,0.2886,0.000160802,0.10172,-9.8686,1,6.4,0.03336,112.2832,4,0.09678,0.23654,0.143,0.0698,0.787
Journey,0.167274727,0.407727273,233483.7273,0.660181818,0.001251818,0.236636364,-8.402454545,0.909090909,6.636363636,0.037663636,134.9347273,3.818181818,0.407818182,0.8765,0.163727273,0.065272727,0.771090909
Judas Priest,0.005751143,0.456714286,306466.7143,0.835571429,0.070102869,0.1688,-7.081571429,0.285714286,5.857142857,0.081271429,105.9007143,4,0.356142857,0.1216,0.100571429,0.082428571,0.817285714
Judds,0.345142857,0.741285714,223465.7143,0.451928571,2.24E-06,0.104414286,-10.6,0.928571429,5.571428571,0.033164286,116.2337857,4,0.539,0.737707143,0.191714286,0.0455,0.762928571
Judy Garland,0.918,0.333,186876.75,0.201775,0.000149275,0.1265,-15.7075,1,6.5,0.04415,95.3095,4,0.4125,0.88265,0.13975,0.05975,0.80025
Justin Bieber,0.250383333,0.639166667,207419,0.6425,0,0.211466667,-5.610166667,0.666666667,4,0.137283333,112.1808333,4,0.471833333,0.3433,0.120666667,0.118333333,0.761166667
Justin Timberlake,0.285,0.771,276160,0.676,4.49E-06,0.546,-6.018,0,4,0.223,119.997,4,0.804,0.9886,0.117,0.03,0.853
Kanye West,0.023226667,0.684,243498,0.691666667,0,0.219566667,-6.477,0,7,0.22,94.96733333,4,0.586666667,-0.300133333,0.076666667,0.098666667,0.824333333
Kari Jobe,0.395,0.3385,327247,0.473,0,0.08195,-6.7905,1,7.5,0.03865,130.1775,4,0.16285,0.99685,0.2595,0.016,0.725
Kate Bush,0.6478125,0.5189375,218825.8125,0.3347125,0.036763061,0.1891875,-15.204,0.5625,5.25,0.044925,112.804125,3.8125,0.4794,0.579225,0.14975,0.0644375,0.78575
Katy Perry,0.02621815,0.6162,217825.7,0.766,1.23E-06,0.21051,-4.7009,0.7,6.1,0.04802,139.0755,4,0.6107,0.60985,0.1516,0.0901,0.7583
Keith Green,0.521625,0.546125,220872.375,0.56175,1.60E-06,0.15715,-9.05375,0.875,5,0.03145,126.607,3.75,0.617,0.9803875,0.259375,0.106375,0.6345
Keith Urban,0.162905,0.611,241329.5,0.8111,0.000108049,0.1051,-6.367,1,5.5,0.04543,119.0086,4,0.5171,0.60278,0.1466,0.0512,0.8023
Kelly Clarkson,0.022771429,0.574142857,214333.2857,0.791714286,0.004534984,0.1099,-4.799857143,0.714285714,7.571428571,0.054942857,139.3017143,3.857142857,0.464857143,0.6787,0.153,0.086428571,0.760571429
Kelly Family,0.232561333,0.536333333,210942.3333,0.573,1.15E-05,0.110666667,-6.754333333,0.666666667,3.666666667,0.031,104.6966667,4,0.338666667,0.877466667,0.201333333,0.091,0.708
Kenny Chesney,0.087683333,0.572333333,234064.5,0.799333333,2.51E-05,0.158633333,-6.196666667,0.833333333,3.5,0.049316667,131.321,4,0.6255,0.948566667,0.1285,0.050333333,0.8215
Kenny Loggins,0.240466667,0.568222222,225893.3333,0.726222222,2.79E-05,0.141233333,-8.185222222,0.555555556,3.888888889,0.044444444,150.1948889,4,0.607222222,-0.5408,0.065333333,0.136666667,0.797888889
Kenny Rogers,0.5072,0.5605,232895.3,0.426,0.00072395,0.12109,-11.5184,0.8,5.4,0.03166,144.3139,3.8,0.456,0.58464,0.1529,0.075,0.7719
Kid Rock,0.032885875,0.637125,293745,0.81825,0.005435038,0.1042625,-4.0775,1,7,0.048875,111.78175,4,0.611,0.9568,0.176875,0.07325,0.74975
Kim Wilde,0.036064357,0.594285714,225391.4286,0.749142857,0.052929855,0.139928571,-5.123642857,0.642857143,4.642857143,0.04525,143.2824286,4,0.583214286,-0.025321429,0.1235,0.119142857,0.756928571
King Crimson,0.00272,0.455,503493,0.631,0.00823,0.369,-10.354,0,11,0.0448,134.915,4,0.4,0.8892,0.111,0.032,0.857
King Diamond,0.0065791,0.3301,295086.6,0.8511,0.5885,0.24591,-11.3337,0.5,8.1,0.0696,118.8551,3.9,0.41956,0.08249,0.1222,0.087,0.7908
Kinks,0.1833,0.517666667,207835.6667,0.797,4.67E-06,0.061133333,-9.204,0.666666667,4.333333333,0.0784,152.458,4,0.754333333,0.0356,0.161,0.094333333,0.745
Kirk Franklin,0.269709091,0.574818182,323757.5455,0.731181818,0.000500351,0.423781818,-6.503727273,0.818181818,3.090909091,0.102181818,112.1722727,3.909090909,0.526818182,0.647472727,0.226636364,0.059818182,0.713545455
Kirsty Maccoll,0.19249,0.6068,253156.1,0.7564,0.000144828,0.19928,-7.274,1,6.8,0.0387,119.0083,4,0.7502,0.22484,0.1189,0.0805,0.8007
Kiss,0.0551,0.657,168827,0.932,0,0.047,-5.819,1,1,0.0992,144.751,4,0.888,0.984,0.146,0.033,0.821
Koes Plus,0.347875,0.717,147286.5,0.73975,0.0011145,0.12955,-8.97775,0.75,4,0.0323,126.8095,4,0.9705,0,0,0,1
Korn,0.008595556,0.483555556,233463.5556,0.856888889,0.014912933,0.1275,-6.177666667,0.666666667,5.777777778,0.117366667,99.617,4,0.381777778,-0.517811111,0.106888889,0.153777778,0.739444444
Kris Kristofferson,0.614285714,0.614428571,196209.2857,0.345571429,0.007717759,0.116385714,-13.50342857,0.428571429,7.571428571,0.035028571,94.57028571,3.857142857,0.427857143,-0.334857143,0.082,0.076571429,0.841571429
Kyla,0.66,0.378333333,290089.6667,0.417,1.03E-06,0.222666667,-7.413333333,1,7,0.032166667,155.786,4,0.209666667,0.991433333,0.221,0.022666667,0.756333333
Kylie Minogue,0.1566,0.685,214564.6667,0.777666667,0.017035267,0.067233333,-6.677,0,5,0.0553,123.0066667,4,0.608333333,0.893,0.180666667,0.059333333,0.76
LL Cool J,0.123131111,0.75,281796.8889,0.554,0.163222537,0.192777778,-11.21444444,0.555555556,3.888888889,0.175177778,101.4511111,4,0.547,0.554877778,0.175666667,0.078555556,0.745777778
Lady Gaga,0.077545,0.67325,234751.6875,0.75025,0.000197781,0.1759625,-5.359,0.625,6.4375,0.072575,124.5640625,4,0.55875,0.774425,0.15625,0.08025,0.7635
Lana Del Rey,0.37202,0.4052,259869.4,0.578,0.000111796,0.13488,-7.5654,0,4.4,0.09222,121.7256,4,0.2666,0.63588,0.2228,0.0908,0.6864
Lauryn Hill,0.2113,0.688888889,322870.5556,0.623666667,7.26E-06,0.143944444,-8.560222222,0.666666667,4.777777778,0.247022222,105.2682222,4,0.635111111,0.7407,0.164777778,0.064111111,0.771
Lea Salonga,0.7282,0.4832,224118.2,0.2866,2.26E-05,0.13046,-13.2698,1,3.8,0.0298,102.0412,3.4,0.278,0.7672,0.0982,0.0188,0.883
Leann Rimes,0.383,0.515272727,222635.2727,0.584545455,4.96E-05,0.094236364,-7.714636364,0.727272727,3.636363636,0.035872727,125.9150909,3.909090909,0.413,0.683427273,0.183454545,0.078,0.738454545
Lenny Kravitz,0.0237017,0.637846154,256700,0.715461538,0.096534078,0.218353846,-7.514461538,0.615384615,5.615384615,0.051784615,113.2319231,4,0.661153846,0.895407692,0.200769231,0.042,0.757615385
Leo Sayer,0.282966667,0.642333333,227542.3333,0.487,2.47E-05,0.152166667,-10.893,1,3.333333333,0.031266667,105.203,4,0.476666667,0.332133333,0.124333333,0.084,0.791666667
Leonard Cohen,0.768181818,0.520090909,269859.2727,0.251218182,0.020990943,0.116836364,-16.59054545,0.363636364,5.363636364,0.045245455,120.0677273,3.636363636,0.366636364,0.296018182,0.161818182,0.078454545,0.759636364
Les Miserables,0.9256,0.3514,196813.4,0.16896,0.000303268,0.18732,-14.4972,0.8,2.8,0.08678,94.0202,3.6,0.2202,0.18124,0.1054,0.098,0.7966
Lil Wayne,0.000165,0.641,240307,0.667,3.22E-06,0.113,-6.252,1,11,0.0538,154.025,4,0.29,0.9994,0.251,0.04,0.709
Linda Ronstadt,0.63178,0.5928,222082.6,0.2984,0.00012159,0.29612,-11.8856,1,9,0.03262,95.7096,4,0.5076,0.98364,0.268,0.0392,0.6926
Linkin Park,0.048860909,0.550454545,192744.1818,0.862272727,7.41E-07,0.261690909,-5.092727273,0.636363636,5,0.073790909,113.5594545,4,0.427181818,-0.588218182,0.083909091,0.139909091,0.776272727
Lionel Richie,0.449941176,0.547647059,255421.1176,0.415058824,0.000483335,0.128047059,-10.70135294,0.705882353,5.411764706,0.040841176,110.2675294,3.941176471,0.331429412,0.922776471,0.221352941,0.041235294,0.737294118
Little Mix,0.182172167,0.627833333,232355.3333,0.737,9.32E-05,0.282833333,-4.973833333,0.666666667,5.5,0.07485,101.0191667,4,0.529833333,0.753983333,0.169833333,0.047666667,0.782666667
Little Walter,0.9185,0.624,165066.5,0.3405,0.0065,0.235,-9.99,0.5,3,0.06285,173.1225,4,0.833,0.9809,0.2975,0.0495,0.6535
Lloyd Cole,0.07309,0.6081,240480.2,0.6073,0.061321722,0.12527,-12.2515,0.9,6.6,0.03562,114.6872,4,0.5852,0.13349,0.1209,0.0979,0.7812
Lorde,0.316166667,0.667666667,216856.6667,0.497833333,0.152366667,0.162666667,-8.824333333,1,4,0.0787,109.9196667,4,0.322716667,0.988183333,0.187833333,0.0795,0.732666667
Loretta Lynn,0.537285714,0.643285714,150390.5714,0.601714286,0.002697629,0.1576,-9.092142857,1,1.857142857,0.036571429,97.93414286,4,0.904,0.986342857,0.167428571,0.019428571,0.813
Lou Reed,0.39052,0.6093,253704,0.5353,0.055139266,0.11115,-10.6263,1,5.6,0.07596,123.9806,3.9,0.66412,0.58212,0.1971,0.0619,0.7411
Louis Armstrong,0.8256,0.5127,258586.3,0.19567,0.000742,0.13466,-15.1444,0.4,3.9,0.09439,97.5315,3.9,0.4031,0.96909,0.2152,0.0331,0.7514
Louis Jordan,0.53675,0.66375,219493.25,0.45475,0,0.4785,-10.18325,0.25,5.75,0.141575,146.91525,4,0.72075,0.420375,0.1155,0.0825,0.802
Lucky Dube,0.274866667,0.716083333,265848.3333,0.6445,4.76E-05,0.120225,-7.5635,1,6.25,0.069633333,123.226,4,0.745833333,-0.179966667,0.1015,0.159666667,0.738833333
Luther Vandross,0.3412625,0.566125,290645,0.432125,6.62E-06,0.1147625,-11.96,0.75,5.375,0.0535125,114.104375,4,0.461125,0.996025,0.281875,0.03525,0.68275
Lynyrd Skynyrd,0.16751,0.497411765,306956.0588,0.632058824,0.013022287,0.174370588,-10.34723529,0.882352941,6.941176471,0.043294118,124.9536471,3.941176471,0.728117647,0.627047059,0.141882353,0.063647059,0.794235294
Madonna,0.2675,0.7575,229453.5,0.7695,0.001618755,0.08305,-7.1495,0.5,1.5,0.0355,128.13,4,0.9745,0.956,0.158,0.028,0.814
Manowar,0.02105175,0.482714286,280488.5714,0.789285714,0.154465164,0.1477,-11.242,0.857142857,5.071428571,0.064992857,118.314,4,0.332928571,-0.351907143,0.098785714,0.138571429,0.762714286
Mariah Carey,0.296876923,0.643769231,257230.8462,0.615230769,9.30E-05,0.2024,-7.675230769,0.769230769,4.076923077,0.101661538,126.1964615,4,0.597076923,0.489569231,0.171307692,0.097307692,0.731461538
Marianne Faithfull,0.3855,0.621,202570.6,0.4702,0.00348064,0.26244,-12.0482,1,1,0.0368,131.1964,4,0.806,0.07246,0.075,0.1654,0.76
Marillion,0.1639,0.4465,233786.5,0.6105,0.05189,0.0911,-6.661,1,5.5,0.029,122.0365,4,0.4115,0.9391,0.1975,0.0585,0.7435
Marilyn Manson,0.037124685,0.509166667,271486.6667,0.845833333,0.014944618,0.241733333,-5.938833333,0.333333333,4.666666667,0.11805,136.5246667,4,0.313333333,0.005316667,0.161,0.123833333,0.715
Mark Ronson,0.027833333,0.716,239684.3333,0.708666667,0.021548667,0.1621,-6.198666667,0.666666667,5.333333333,0.037233333,105.3196667,4,0.708333333,-0.335633333,0.067,0.118333333,0.814333333
Maroon 5,0.040998,0.6865,225310.6,0.7694,0,0.20642,-5.1758,0.4,2.9,0.04088,112.3293,4,0.6565,0.19348,0.1536,0.0957,0.7508
Mary Black,0.833333333,0.603666667,257377.6667,0.1866,1.93E-05,0.093733333,-16.68833333,1,3.666666667,0.034666667,120.596,4,0.364,0.879266667,0.144,0.066,0.789666667
Matt Monro,0.772166667,0.3535,174328.6667,0.273666667,2.14E-06,0.173966667,-12.72066667,0.5,2.833333333,0.033216667,115.9751667,3.833333333,0.347,0.945816667,0.255166667,0.052333333,0.692333333
Matt Redman,0.193605,0.409333333,303385.1667,0.668166667,0.010447067,0.294166667,-6.782,0.833333333,9.166666667,0.04275,137.6231667,4,0.22455,0.141216667,0.212166667,0.098,0.6895
Mazzy Star,0.364969214,0.416928571,269264.7857,0.3042,0.126459214,0.103985714,-14.14592857,1,5.214285714,0.031014286,143.1962143,3.714285714,0.236457143,0.2483,0.104428571,0.081785714,0.813714286
Mc Hammer,0.071951,0.875,269602.8,0.638,0.068006652,0.1063,-11.449,0.4,6.2,0.12462,121.9412,4,0.8236,0.95554,0.1448,0.0272,0.8282
Meat Loaf,0.5714,0.3998,356821.2,0.5924,0.0003496,0.16,-7.708,1,5.6,0.0391,110.576,3.8,0.309,0.5987,0.149,0.0808,0.7704
Megadeth,2.39E-05,0.689,227973,0.719,0.679,0.314,-8.643,0,3,0.0304,127.982,4,0.959,-0.9958,0.075,0.281,0.644
Men At Work,0.09888,0.678733333,224315.4667,0.692066667,0.007244433,0.087466667,-7.474533333,0.266666667,6,0.03342,128.2471333,4,0.7178,0.154346667,0.171533333,0.069533333,0.758533333
Metallica,0.00526422,0.511923077,310859.2308,0.827307692,0.092521232,0.122615385,-6.975923077,0.692307692,6.307692308,0.040469231,125.6198462,3.923076923,0.461384615,0.008615385,0.144615385,0.148615385,0.706923077
Michael Bolton,0.29784,0.3806,256360,0.551,4.09E-05,0.13084,-9.2882,0.6,2.4,0.03356,137.4182,4,0.36656,0.98926,0.2926,0.0624,0.6452
Michael Buble,0.491714286,0.562571429,225780.0714,0.55,6.63E-05,0.151928571,-7.0065,0.785714286,5.214285714,0.038271429,131.3312143,3.857142857,0.531785714,0.714714286,0.213142857,0.056428571,0.730357143
Michael Jackson,0.1073,0.763,253027,0.687,0.0079,0.07195,-4.4465,0.5,6,0.03875,103.5315,4,0.614,0.0221,0.133,0.0675,0.7995
Michael W. Smith,0.314966667,0.474333333,332568.6667,0.579666667,5.93E-06,0.248,-9.074333333,1,6.666666667,0.030233333,145.0833333,4,0.331,0.9683,0.201666667,0.029666667,0.768333333
Miley Cyrus,0.147686154,0.601076923,221643,0.725384615,4.96E-05,0.215261538,-5.527307692,0.538461538,6.076923077,0.068523077,130.2380769,3.846153846,0.492461538,0.481753846,0.164307692,0.081846154,0.753846154
Misfits,0.171953071,0.365714286,134347.2143,0.909857143,0.15233992,0.223392857,-8.323857143,0.928571429,2.571428571,0.083271429,141.8629286,3.928571429,0.330271429,-0.467135714,0.093142857,0.157642857,0.749285714
Modern Talking,0.316,0.742333333,222248.8333,0.856666667,0.005592667,0.247133333,-7.044833333,0.5,4.666666667,0.050616667,111.435,4,0.750333333,0.9732,0.220333333,0.0735,0.706166667
Moody Blues,0.273011111,0.355444444,293505.1111,0.558111111,0.120152467,0.316111111,-11.36544444,0.666666667,3.555555556,0.040444444,130.1117778,3.777777778,0.406111111,0.418644444,0.181111111,0.071555556,0.746777778
Morrissey,0.0034,0.415333333,216960,0.749333333,0.01696,0.231666667,-8.233,0.666666667,6.333333333,0.037166667,141.794,4,0.565666667,-0.952833333,0.054666667,0.209666667,0.736
NOFX,0.007388129,0.453428571,148105.7857,0.901642857,0.013032866,0.264814286,-6.249857143,1,5.5,0.08675,123.1184286,4,0.545071429,-0.209842857,0.089928571,0.137357143,0.772785714
Nat King Cole,0.833,0.388538462,179229.6923,0.195138462,0.002917479,0.114053846,-15.616,0.692307692,5,0.056084615,94.69907692,3.692307692,0.369615385,0.918346154,0.247076923,0.046384615,0.706384615
Natalie Cole,0.655625,0.550375,251398.25,0.433875,0.00101829,0.097575,-9.986,1,4.5,0.03615,132.451,3.75,0.336,0.9719625,0.26025,0.070625,0.669375
Natalie Grant,0.14878375,0.495,249500.375,0.62325,0.002426963,0.104925,-5.79775,0.75,5.625,0.0370875,131.529625,3.875,0.224975,0.5181125,0.17875,0.091375,0.73
Natalie Imbruglia,0.076023333,0.535733333,249332.3333,0.748066667,0.000859679,0.368413333,-6.606,0.8,4.8,0.037553333,98.40006667,4,0.5184,-0.22984,0.128466667,0.125133333,0.7464
Nazareth,0.025534889,0.454444444,289997,0.613222222,0.086365968,0.2251,-9.496,0.777777778,6.777777778,0.052811111,122.0702222,4,0.429444444,0.349844444,0.190111111,0.132666667,0.677222222
Ne-Yo,0.303183333,0.691333333,226958.8333,0.662666667,4.93E-06,0.225333333,-6.185833333,0.666666667,4.5,0.100916667,126.1335,4,0.646666667,0.2615,0.172,0.111333333,0.716666667
Neil Diamond,0.144502,0.5594,202737.2,0.585,0.02308682,0.18832,-9.1192,1,5.8,0.03072,107.423,4,0.6624,0.93714,0.2008,0.0344,0.7648
Neil Sedaka,0.518142857,0.580428571,172146.7143,0.657,0.000508571,0.3132,-8.409,0.714285714,4,0.035,125.5172857,3.857142857,0.831428571,0.262542857,0.238285714,0.100714286,0.660857143
Neil Young,0.2463,0.608,223528.6667,0.533,0.009519667,0.109666667,-9.381,0.666666667,4.333333333,0.028566667,129.481,4,0.648333333,0.789433333,0.141,0,0.859
New Order,0.041065,0.698,293933,0.8135,0.4031,0.16835,-8.08,1,5,0.0417,122.057,4,0.7825,0.08275,0.137,0.125,0.738
Next To Normal,0.777666667,0.477,154644.5,0.315,5.42E-06,0.111233333,-13.18016667,0.833333333,4.166666667,0.060883333,116.2553333,4.333333333,0.341833333,0.044983333,0.1095,0.102,0.7885
Nick Cave,0.6155,0.531,302633.5,0.5155,0.0011255,0.11715,-8.2815,0.5,2,0.03335,120.2675,4,0.5005,0.96135,0.1175,0.0465,0.8365
Nick Drake,0.804571429,0.594428571,208721.9286,0.212642857,0.418908357,0.113042857,-17.76178571,0.714285714,3.714285714,0.039085714,109.3590714,3.785714286,0.443685714,0.502457143,0.120928571,0.043928571,0.835214286
Nickelback,0.003153458,0.525105263,229789.4737,0.868473684,0.021970474,0.181526316,-4.440789474,0.842105263,5.842105263,0.041915789,140.3241053,4,0.521263158,0.547552632,0.132789474,0.088684211,0.778736842
Nicki Minaj,0.282,0.727,200013,0.866,3.87E-06,0.585,-4.288,1,11,0.185,127.01,4,0.653,0.9979,0.19,0.083,0.727
Nightwish,0.014405063,0.45175,309591.625,0.804875,0.001909875,0.1679625,-6.253375,0,3.5,0.0467625,132.509875,3.875,0.4055,0.5249375,0.1555,0.089,0.75575
Nina Simone,0.753875,0.37425,198708.375,0.3388,0.054922213,0.19435,-11.653625,0.375,7.375,0.0543625,122.751625,3.625,0.514875,0.6177375,0.174375,0.073875,0.751875
Nine Inch Nails,0.066862333,0.59175,292557.4167,0.76675,0.17424975,0.236,-8.534833333,0.583333333,6.166666667,0.051966667,116.5035,3.75,0.402825,-0.083975,0.130083333,0.116166667,0.75375
Nirvana,0.183248485,0.5,227516.8462,0.698769231,0.060953557,0.226953846,-8.594846154,0.538461538,4.538461538,0.081376923,124.1451538,3.923076923,0.465384615,-0.090684615,0.124230769,0.115692308,0.760307692
Nitty Gritty Dirt Band,0.2560275,0.6175,218303.25,0.544625,0.078798212,0.2054875,-10.8385,1,4.875,0.0499875,118.626875,3.875,0.705875,0.6348375,0.125625,0.04725,0.827375
Norah Jones,0.836235294,0.619294118,193756.2353,0.232870588,0.029312015,0.129923529,-12.36205882,0.882352941,3.764705882,0.033170588,99.64829412,3.823529412,0.437294118,0.291823529,0.115529412,0.071176471,0.813235294
Notorious B.I.G.,0.3906,0.8076,275485.4,0.6658,0,0.21092,-6.0096,0.2,9.4,0.2582,88.2486,4,0.7416,0.58752,0.1346,0.08,0.7856
O-Zone,0.105,0.775,229747,0.838,1.17E-06,0.467,-5.023,1,0,0.0333,130.045,4,0.948,0.4939,0.03,0,0.97
O.A.R.,0.039142714,0.472714286,342333,0.832428571,2.41E-05,0.377785714,-4.980714286,0.714285714,6,0.0922,126.9924286,4,0.509571429,0.402814286,0.159428571,0.067571429,0.772714286
Oasis,0.040907,0.3945,280606.5,0.7295,7.80E-07,0.16,-4.854,0.5,4,0.0319,124.8155,4,0.3855,-0.13015,0.06,0.0805,0.8595
Ocean Colour Scene,0.159931846,0.461230769,237612.0769,0.688153846,0.051356029,0.243761538,-8.826,0.769230769,6,0.039123077,113.4226923,3.692307692,0.588,0.194384615,0.112615385,0.081538462,0.806
Offspring,0.034112933,0.463583333,204154.6667,0.91425,0.001121158,0.201116667,-4.235166667,0.833333333,1.916666667,0.072458333,127.2403333,4,0.644333333,-0.419558333,0.119833333,0.16875,0.711416667
Ofra Haza,0.480342857,0.588285714,285975.4286,0.675571429,0.12681655,0.206042857,-13.06485714,0.285714286,4.285714286,0.060785714,128.7915714,3.571428571,0.648714286,0.020371429,0.070571429,0.039142857,0.890285714
Oingo Boingo,0.11335,0.620857143,284627.3571,0.796285714,0.032474611,0.273957143,-10.68271429,0.857142857,4.857142857,0.046021429,140.6855714,4,0.787357143,0.142228571,0.114857143,0.092428571,0.792714286
Old 97's,0.118368462,0.472230769,217954.9231,0.710076923,0.012864483,0.159946154,-6.682923077,0.923076923,2.846153846,0.0409,123.0639231,4,0.616,-0.535630769,0.093923077,0.149692308,0.756384615
Olivia Newton-John,0.351166667,0.652222222,208721.5556,0.520666667,0.004936627,0.149222222,-10.27844444,0.555555556,5.555555556,0.039955556,117.7342222,3.666666667,0.560666667,0.304755556,0.146555556,0.101,0.752333333
Olly Murs,0.091726889,0.690666667,206499,0.770555556,0,0.142944444,-4.751555556,0.555555556,5.222222222,0.053688889,115.4923333,4,0.567222222,0.860688889,0.157111111,0.083888889,0.759
Omd,0.0840884,0.6443,249362.5,0.7035,0.0616723,0.15839,-9.7801,0.8,2.8,0.03104,117.6241,4,0.8537,0.75139,0.1483,0.0597,0.792
One Direction,0.145305,0.646375,211461.625,0.750375,0,0.130475,-5.1905,0.625,4.375,0.0625875,113.55,4,0.5965,0.4064125,0.157875,0.061125,0.780875
OneRepublic,0.11255,0.605125,221525.125,0.764375,1.50E-05,0.12975,-5.994875,0.75,6,0.0439125,122.62975,4,0.434,0.4104,0.15875,0.122125,0.718875
Opeth,0.19752335,0.352625,446383.25,0.651875,0.241092625,0.2097125,-7.917625,0.625,5.125,0.0435375,125.6275,3.875,0.237675,-0.676875,0.06475,0.16575,0.769375
Oscar Hammerstein,0.871,0.766,164840,0.15,0,0.0936,-13.475,1,7,0.0438,90.544,4,0.743,0.8346,0.2,0.192,0.608
Otis Redding,0.477909091,0.538090909,177424,0.306363636,8.87E-06,0.199218182,-12.73536364,0.545454545,7.454545455,0.048509091,133.8973636,3.454545455,0.505545455,0.985345455,0.313181818,0.042545455,0.644363636
Our Lady Peace,0.007071583,0.379583333,240784.5,0.88675,0.022183191,0.125008333,-5.81325,1,2.75,0.064458333,153.7094167,4,0.621583333,0.119783333,0.149416667,0.1425,0.708083333
Outkast,0.134825,0.76125,320363.25,0.6375,8.66E-05,0.351,-6.64275,0.75,4,0.1561,95.481,4,0.383,0.158175,0.1095,0.1255,0.765
Overkill,0.107763701,0.542692308,248364.3077,0.786230769,0.081585864,0.117538462,-6.447230769,0.307692308,4.384615385,0.066453846,127.6836923,4,0.450561538,0.112869231,0.069923077,0.066461538,0.863615385
Owl City,0.01764375,0.621875,219491.625,0.697375,7.79E-05,0.221375,-6.053125,1,4.375,0.0518625,122.78375,4,0.577625,0.9620625,0.163125,0.047125,0.78975
Ozzy Osbourne,0.038021308,0.408846154,293012.3846,0.799076923,0.002437397,0.331538462,-5.899307692,0.846153846,4.692307692,0.052076923,120.573,3.923076923,0.435538462,-0.169315385,0.118153846,0.146,0.736153846
P!nk,0.012895571,0.649285714,218944.7143,0.788,6.16E-07,0.175357143,-4.424285714,0.857142857,8.142857143,0.044857143,119.709,4,0.551285714,-0.071742857,0.123571429,0.086857143,0.789571429
Passenger,0.365,0.479,252733,0.545,0,0.0963,-7.346,1,7,0.0688,74.897,4,0.244,0.969,0.158,0.131,0.711
Pat Benatar,0.168592308,0.571,246615.5385,0.676076923,0.001251186,0.216292308,-8.714307692,0.461538462,2.923076923,0.049484615,129.5974615,4,0.635923077,0.037638462,0.184769231,0.167846154,0.647538462
Patsy Cline,0.857,0.4965,167023.5,0.19915,8.85E-07,0.134,-14.4145,1,10,0.0312,90.9635,3.5,0.4695,-0.03785,0.154,0.201,0.645
Patti Smith,0.258928571,0.497571429,234720,0.597714286,0.001122414,0.159,-9.696857143,0.571428571,6.142857143,0.078157143,130.0287143,3.714285714,0.614142857,0.169457143,0.150142857,0.066714286,0.783285714
Paul Simon,0.362085714,0.655428571,256028.5714,0.614571429,0.00401692,0.081428571,-10.81285714,0.714285714,4.285714286,0.0378,120.6881429,4,0.749571429,0.162928571,0.093428571,0.067714286,0.838714286
Pearl Jam,0.212908182,0.394,294234.7273,0.712545455,0.005917454,0.219945455,-7.261636364,0.636363636,5.363636364,0.044736364,109.2997273,3.909090909,0.383454545,0.490045455,0.154454545,0.086454545,0.759090909
Perry Como,0.6945,0.348,196393.5,0.297,0.32645,0.229,-14.761,0.5,4,0.0295,115.8185,4,0.307,-0.01905,0.083,0.075,0.841
Pet Shop Boys,0.0434,0.622,240453,0.952,0.0107,0.297,-6.821,0,4,0.0436,113.244,4,0.598,-0.9937,0.016,0.14,0.844
Peter Cetera,0.284025,0.620083333,242923.3333,0.528916667,0.001311427,0.1658,-10.21733333,0.75,4.25,0.030058333,136.7575833,4,0.465416667,0.457608333,0.153833333,0.09025,0.755833333
Peter Gabriel,0.372461538,0.608615385,328117.0769,0.469769231,0.067004731,0.137007692,-13.17653846,0.769230769,5.384615385,0.066515385,108.3665385,3.692307692,0.480207692,-0.015492308,0.084538462,0.101230769,0.814230769
Peter Tosh,0.04141625,0.72825,294672.375,0.59625,4.53E-05,0.092975,-9.506875,0.875,3.625,0.1634375,126.456625,4,0.842875,0.592425,0.1365,0.0775,0.786375
Pharrell Williams,0.286,0.652,233305,0.757,0,0.0886,-6.819,1,1,0.153,159.911,4,0.962,0.9996,0.357,0.023,0.62
Phil Collins,0.38225,0.60775,205203.5,0.61525,0.00155985,0.210125,-10.22725,0.75,5.5,0.0467,111.00875,3.75,0.52425,0.9498,0.156,0.06675,0.77725
Phineas And Ferb,0.192416667,0.732166667,94753.33333,0.790833333,0,0.12085,-4.864166667,0.833333333,5.666666667,0.13925,128.438,4,0.842333333,0.33885,0.1305,0.073833333,0.7955
Phish,0.274383333,0.519666667,273426.6667,0.748166667,0.000310267,0.258783333,-6.785833333,1,1.666666667,0.040716667,126.8175,4,0.636666667,0.475783333,0.089666667,0.0595,0.8505
Pink Floyd,0.194925,0.4855,285032.75,0.37625,0.20098,0.3221,-13.635125,0.75,7.125,0.0488125,114.8995,3.625,0.316375,-0.357675,0.094375,0.108,0.797625
Pitbull,0.10199,0.6928,236285.2,0.8814,9.52E-05,0.17256,-4.8554,1,7.6,0.13186,127.3946,4,0.6858,0.59022,0.1226,0.049,0.8284
Pogues,0.1246279,0.4973,231239.7,0.7,0.004615751,0.179,-11.2346,0.9,6.5,0.0444,131.5973,3.8,0.5109,-0.52066,0.0746,0.1451,0.7806
Point Of Grace,0.612333333,0.484,230839.6667,0.542,1.73E-05,0.255666667,-5.432,1,7,0.030466667,112.0626667,4,0.243,-0.304166667,0.088333333,0.133,0.778666667
Poison,0.107783333,0.510222222,251954,0.752888889,0.086313358,0.279433333,-7.221333333,0.111111111,4.333333333,0.114611111,118.6666667,3.888888889,0.388888889,0.9835,0.181,0.091,0.727
Pretenders,0.1892,0.5775,235780.25,0.641,0.001368405,0.2056,-9.081,0.75,6,0.037275,126.41525,4,0.69575,0.43785,0.108,0.062,0.83
Primus,0.013194353,0.579235294,273766.2941,0.907235294,0.198900118,0.173735294,-6.196470588,0.588235294,5,0.085288235,125.0011765,4,0.525470588,0.207694118,0.091823529,0.073882353,0.834235294
Prince,0.137,0.866,379267,0.73,0,0.0843,-8.201,1,5,0.0767,118.523,4,0.625,0.9563,0.185,0.108,0.707
Proclaimers,0.385111111,0.612666667,242250.4444,0.563444444,6.37E-07,0.127022222,-10.13144444,1,6.333333333,0.032888889,122.6443333,3.555555556,0.577444444,0.377088889,0.142777778,0.103,0.754333333
Procol Harum,0.608,0.287833333,245675.6667,0.675,0.05444,0.235183333,-6.896166667,0.833333333,1.166666667,0.071083333,121.8256667,4,0.404,0.442383333,0.094,0.087166667,0.818
Puff Daddy,0.168,0.916,255773,0.85,0.000106,0.0904,-5.067,0,3,0.0634,121.001,4,0.972,0.9861,0.136,0.072,0.792
Q-Tip,0.15565,0.837,233196.75,0.64,0.002225,0.119925,-6.18,0.75,8.5,0.192,96.50525,4,0.79625,0.508225,0.11775,0.04575,0.8365
Qntal,0.0902,0.508,273293,0.754,0.00621,0.0852,-5.794,0,9,0.0344,139.98,4,0.133,0.7992,0.089,0.018,0.893
Quarashi,0.016534286,0.622857143,223449.1429,0.890428571,0.003675714,0.456228571,-5.693285714,0.714285714,2.857142857,0.103785714,130.7822857,4,0.611428571,-0.787171429,0.110857143,0.143285714,0.745857143
Quarterflash,0.076782727,0.538636364,240635,0.568545455,5.91E-06,0.137936364,-10.95590909,0.272727273,9.454545455,0.054118182,123.0891818,4,0.542181818,0.036418182,0.163454545,0.081909091,0.754636364
Quasi,0.448,0.481,127613,0.761,0.00248,0.281,-6.895,0,9,0.0449,139.709,4,0.354,-0.8152,0.221,0.26,0.518
Queen,0.236333333,0.638666667,249524.3333,0.522666667,0.059666667,0.203,-7.666333333,0.666666667,6,0.0909,123.399,4,0.51,-0.3009,0.115333333,0.126666667,0.758666667
Queen Adreena,0.2340462,0.4281,231629.4,0.5867,0.2536409,0.10716,-8.6821,0.7,4.1,0.07614,141.4188,3.8,0.369,0.04588,0.1506,0.1764,0.6731
Queen Latifah,0.168925,0.6685,237049.75,0.72475,3.95E-05,0.2929,-7.84075,1,7.25,0.16925,133.9485,4,0.66225,0.989,0.14375,0.04075,0.8155
Queens Of The Stone Age,0.1216681,0.4499,247304.1,0.8557,0.05063801,0.34072,-4.7273,0.6,5.4,0.0549,135.3862,3.9,0.6135,0.20756,0.0991,0.0962,0.805
Queensryche,0.0541,0.5195,279946.5,0.798,0.000200775,0.4975,-5.4215,0.5,6.5,0.03255,120.694,4,0.32605,0.69235,0.114,0.065,0.821
Quicksand,0.0004145,0.444,200620,0.805,0.158565,0.2575,-7.958,1,9,0.0517,173.9755,3.5,0.4465,0.51575,0.122,0.1135,0.7645
Quicksilver Messenger Service,0.326,0.61775,194066.5,0.52175,0.0061091,0.124225,-12.7365,0.5,9,0.03835,120.34075,4,0.7485,0.868175,0.19625,0.0745,0.7295
Quiet Riot,0.016384,0.4692,235274.6,0.8424,0.004262922,0.14798,-8.4626,1,5.4,0.0636,130.6096,4,0.5588,0.24698,0.1338,0.102,0.7642
Quietdrive,0.00992,0.4925,196887,0.7985,0,0.218,-4.045,0.5,3,0.03145,119.359,4,0.4515,-0.90055,0.0645,0.152,0.784
Quincy Jones,0.61165,0.65375,294560,0.41125,0.021633775,0.084575,-14.2605,0.75,6.75,0.0448,93.66075,4,0.512,0.402075,0.12425,0.0685,0.80725
Quincy Punx,0.163836667,0.387333333,130542,0.889,0.813,0.508,-8.096,0.666666667,5.666666667,0.1945,100.503,4,0.505666667,-0.489433333,0.093,0.177666667,0.729333333
R. Kelly,0.15175,0.649,282796.75,0.558,0,0.16775,-7.558,0.5,4,0.07555,114.573,4,0.32095,0.975325,0.15975,0.0235,0.817
Radiohead,0.285228125,0.45875,277131.4375,0.5576875,0.241298556,0.1111125,-9.4145,0.6875,4.75,0.0497875,116.3391875,3.875,0.34030625,-0.02244375,0.0985,0.1254375,0.7760625
Raffi,0.711333333,0.705333333,120403.1111,0.373666667,1.58E-05,0.293333333,-12.51777778,1,4,0.221377778,140.9971111,4,0.678333333,0.320566667,0.076777778,0.048444444,0.874777778
Rage Against The Machine,0.018248,0.5344,244813.2,0.905,0.0121388,0.25242,-4.9594,0.8,5.4,0.17468,117.8924,4,0.6462,-0.97314,0.0426,0.131,0.8266
Ramones,0.0494205,0.4505,150182.1667,0.766333333,0.038018467,0.145366667,-5.3615,0.666666667,5.833333333,0.043283333,153.7223333,4,0.777,0.228916667,0.173666667,0.082833333,0.7435
Randy Travis,0.237388235,0.646117647,198124.7647,0.493588235,1.45E-05,0.127517647,-9.390470588,1,4.117647059,0.029211765,108.6062353,4,0.542823529,0.911176471,0.168705882,0.076176471,0.755294118
Rascal Flatts,0.263244286,0.537928571,231952.6429,0.695928571,6.91E-06,0.187007143,-5.259285714,0.857142857,3.785714286,0.037142857,126.2302143,3.857142857,0.440214286,0.523014286,0.165428571,0.069428571,0.765
Ray Boltz,0.597285714,0.448142857,289845.6429,0.348071429,4.87E-05,0.19655,-12.15771429,0.928571429,4.071428571,0.032028571,121.9157143,3.785714286,0.289571429,0.434778571,0.134214286,0.086071429,0.7795
Ray Charles,0.702272727,0.497818182,203212.3636,0.369363636,0.004502271,0.199163636,-10.45881818,0.909090909,5,0.073881818,115.5884545,3.636363636,0.434090909,0.355863636,0.186181818,0.095545455,0.718090909
Reba Mcentire,0.35853,0.5989,238149.2,0.535,7.47E-07,0.10783,-7.5359,1,6.1,0.04295,98.5645,4,0.4152,0.75978,0.1448,0.0571,0.798
Red Hot Chili Peppers,0.026370909,0.593181818,269986.6364,0.796545455,0.009241318,0.132790909,-4.709272727,0.727272727,4.818181818,0.043527273,104.1756364,4,0.538727273,0.604536364,0.137727273,0.075636364,0.786818182
Regine Velasquez,0.61275,0.457375,267901.625,0.35825,6.73E-05,0.1973625,-10.05675,1,4.75,0.0317625,128.2415,4.125,0.2275375,0.408675,0.075375,0.017625,0.907125
Reo Speedwagon,0.10368,0.5336,270186.6,0.6524,2.25E-05,0.11126,-8.4036,0.6,6.2,0.03378,134.7416,4,0.483,0.94794,0.1738,0.071,0.7554
Richard Marx,0.35604375,0.5476875,276523.1875,0.5235,0.001755344,0.12196875,-10.5585,0.6875,4.875,0.029125,116.0148125,3.8125,0.436875,0.41224375,0.11825,0.0875625,0.7941875
Rick Astley,0.091733333,0.714,212791.3333,0.967333333,2.43E-05,0.171333333,-8.253333333,1,8,0.0417,113.3406667,4,0.92,-0.978,0.053,0.127,0.82
Rihanna,0.398925,0.68225,213842.5,0.47575,4.47E-06,0.1452625,-5.921375,0.5,5.875,0.0796,145.136375,4,0.431125,0.2329625,0.14125,0.1145,0.74425
Robbie Williams,0.265562375,0.53275,419830.125,0.603377525,0.000374029,0.1660125,-8.05025,0.875,6.375,0.0875,122.63825,4,0.431,0.6929125,0.204625,0.072125,0.723375
Rod Stewart,0.211925,0.5845,267903.5,0.581,0.0219568,0.13065,-11.383,1,4.75,0.031625,105.292,4,0.483,0.97335,0.19,0.0475,0.76225
Rolling Stones,0.467666667,0.569666667,257146.6667,0.694666667,0.013760333,0.106666667,-5.890666667,0.333333333,3.333333333,0.0318,127.8266667,4,0.623666667,0.259333333,0.180666667,0.126333333,0.693
Roxette,0.127464375,0.585875,259104.9375,0.7153125,3.44E-05,0.19489375,-5.564625,0.875,2.9375,0.0302375,107.229875,4,0.61875,0.958425,0.191375,0.0484375,0.7601875
Roxy Music,0.427128571,0.641571429,270901.7143,0.611857143,0.242233,0.1406,-8.797285714,0.857142857,3.571428571,0.046514286,111.9955714,4,0.635142857,0.419528571,0.141571429,0.075714286,0.782857143
Roy Orbison,0.676,0.5182,181757.4,0.4721,0.010270391,0.15065,-10.2822,1,3.7,0.03052,112.5241,4,0.6803,0.40371,0.2119,0.103,0.6853
Rush,0.027864286,0.462714286,266010.5714,0.792142857,0.007848,0.240242857,-7.631142857,0.571428571,6.142857143,0.050185714,141.7097143,3.571428571,0.573428571,0.421057143,0.129142857,0.061714286,0.808857143
Sam Smith,0.701,0.513571429,193337.7143,0.355428571,2.28E-05,0.107085714,-8.796714286,0.857142857,3.285714286,0.044457143,105.278,3.857142857,0.329714286,0.122028571,0.114142857,0.128285714,0.757714286
Santana,0.525,0.563333333,210200.3333,0.476333333,0.153433333,0.1052,-11.593,0.333333333,5.333333333,0.032933333,122.0596667,4,0.661666667,-0.568066667,0.081333333,0.094333333,0.824333333
Savage Garden,0.20883125,0.623125,248449.125,0.6973125,0.000173784,0.15114375,-7.62875,0.9375,4.875,0.03565,123.9014375,4,0.7153125,0.49635,0.150875,0.085,0.7643125
Scorpions,0.113936316,0.433315789,295914.3684,0.583315789,0.035877163,0.193515789,-10.50231579,0.421052632,5.157894737,0.040673684,113.265,4,0.453805263,0.762889474,0.189526316,0.070315789,0.740210526
Selah,0.8268,0.2906,270037.6,0.2064,0,0.09786,-11.1718,1,4,0.03424,96.3402,3.8,0.1758,0.28344,0.146,0.1054,0.7486
Selena Gomez,0.036366667,0.763666667,197240,0.702333333,2.14E-06,0.1554,-5.467,0,5.333333333,0.071033333,120.2206667,4,0.740333333,0.957533333,0.209333333,0.031666667,0.759333333
Sia,0.02322,0.4904,250688,0.743,0.11502532,0.12236,-5.4822,0.6,5.8,0.0621,124.0728,4,0.4484,0.17806,0.177,0.1254,0.6976
Slayer,0.000619769,0.342428571,277633,0.975714286,0.124639786,0.132207143,-4.616785714,0.642857143,5.785714286,0.160992857,112.3515714,3.928571429,0.133607143,-0.984478571,0.075642857,0.269571429,0.654714286
Snoop Dogg,0.299,0.893,299147,0.74,0,0.0881,-4.936,0,11,0.132,101.025,4,0.963,0.9964,0.172,0.032,0.796
Soundgarden,0.00077353,0.3935,300165.7778,0.812944444,0.094662467,0.152083333,-6.508277778,0.777777778,4.666666667,0.052366667,134.1257778,3.666666667,0.401222222,0.18865,0.114666667,0.096722222,0.788611111
Spandau Ballet,0.325166667,0.723555556,287009.5556,0.645222222,0.054986011,0.089277778,-8.863888889,0.666666667,4.444444444,0.032711111,113.2967778,4,0.571888889,0.694222222,0.185,0.040222222,0.774666667
Squeeze,0.287533333,0.678,208662,0.593666667,0.0527328,0.102466667,-12.188,0.666666667,5,0.069766667,120.0636667,4,0.765666667,0.140766667,0.091333333,0.085333333,0.823333333
Starship,0.158171429,0.624,274801.8571,0.822857143,0.013871574,0.3031,-7.175857143,1,4.285714286,0.033385714,117.5078571,4,0.600428571,0.779257143,0.146,0.069571429,0.784428571
Status Quo,0.115198333,0.569166667,226966.5,0.742833333,0.001462887,0.255333333,-8.500333333,0.833333333,7,0.028883333,117.3388333,4,0.769666667,0.46915,0.137666667,0.063333333,0.7985
Steely Dan,0.350505882,0.683705882,278800,0.504529412,0.002362514,0.121770588,-11.86205882,0.705882353,4,0.043364706,110.4246471,4,0.672176471,0.340611765,0.120529412,0.081117647,0.798411765
Steve Miller Band,0.1796,0.594727273,224271.4545,0.608,0.00320041,0.320909091,-12.83972727,0.545454545,5.363636364,0.077063636,121.3199091,4,0.865181818,0.581718182,0.130090909,0.086090909,0.783545455
Stevie Ray Vaughan,0.149394286,0.404857143,280320,0.604857143,0.225255143,0.179414286,-10.70642857,0.714285714,5.714285714,0.037857143,136.7761429,3.714285714,0.664285714,0.855357143,0.183142857,0.079857143,0.737142857
Stevie Wonder,0.15579,0.6219,282911.6,0.6562,0.000411779,0.15263,-10.5423,0.5,6.9,0.06502,115.0438,4,0.7793,0.63874,0.1768,0.0729,0.7505
Sting,0.3299375,0.56325,268185.125,0.488875,0.030510055,0.0834375,-12.45875,0.5,3.75,0.0877375,110.993375,3.875,0.37075,0.068,0.13175,0.105375,0.76325
Stone Roses,0.00856,0.4612,253063.8,0.8352,0.273386,0.17644,-10.0604,0.8,4.6,0.04288,109.9856,4,0.6494,0.63498,0.2404,0.0498,0.71
Stone Temple Pilots,0.01511,0.375875,241390,0.8465,0.003619625,0.1696375,-5.25275,0.75,5.375,0.052675,149.780875,4,0.432125,-0.1018125,0.096,0.11975,0.784125
Styx,0.169058824,0.450647059,282180.4706,0.528882353,3.78E-05,0.166688235,-11.04411765,0.529411765,4.058823529,0.040047059,126.3627647,4,0.465058824,0.415252941,0.134117647,0.078176471,0.787588235
Sublime,0.018570909,0.641181818,205242.5455,0.735181818,0.000831533,0.209818182,-5.914272727,0.636363636,4.272727273,0.087318182,95.36054545,4,0.626272727,0.349690909,0.120090909,0.096545455,0.783454545
Supertramp,0.40495,0.5065,303135.4167,0.57175,0.00907325,0.1271,-9.989083333,0.666666667,3.083333333,0.0566,98.88116667,4,0.477091667,0.428458333,0.149333333,0.096583333,0.75425
System Of A Down,0.085585211,0.393578947,203516.4737,0.879052632,0.005622153,0.204610526,-3.237894737,0.526315789,3.526315789,0.096063158,135.7772105,3.894736842,0.326647368,-0.583631579,0.073473684,0.177736842,0.748684211
Talking Heads,0.02455,0.712,239153.5,0.671,0.02926135,0.1143,-8.886,1,5.5,0.0309,118.4205,4,0.8025,0.28485,0.069,0.053,0.878
Taylor Swift,0.29384,0.5718,211765.6,0.6494,0.000512,0.1586,-5.3554,1,3.4,0.04126,145.5644,4,0.5246,0.58888,0.1318,0.1,0.7682
Tears For Fears,0.145428571,0.557,302312.7143,0.800071429,0.065878721,0.157657143,-8.246714286,0.785714286,3.714285714,0.038342857,116.3981429,4,0.562214286,0.288185714,0.140071429,0.105571429,0.754285714
Ten Years After,0.127816667,0.380833333,332877.8333,0.552333333,0.399333333,0.201666667,-10.78983333,0.666666667,6.666666667,0.0343,121.8671667,4,0.491666667,0.644466667,0.1905,0.093833333,0.715833333
The Broadways,0.00449375,0.301375,182253.25,0.92125,3.97E-06,0.238,-5.251125,0.875,5.75,0.09975,143.304,4,0.517125,-0.3310125,0.093125,0.109625,0.797125
The Jam,0.00265,0.553,173320,0.917,0.00991,0.07,-8.806,1,2,0.0906,101.798,4,0.781,-0.9436,0.066,0.153,0.782
The Killers,0.0241192,0.499466667,231382.3333,0.877466667,0.013744753,0.15662,-3.8984,0.6,4,0.05904,131.6040667,4,0.460333333,0.555233333,0.130666667,0.074866667,0.7944
The Monkees,0.364625,0.502375,185273.125,0.609125,0.002300923,0.2795,-8.82525,0.875,6.25,0.0467375,114.480875,4,0.670625,0.2994875,0.12925,0.096,0.7745
The Script,0.092728571,0.536571429,246585,0.783285714,0,0.100571429,-4.907714286,1,5,0.038685714,125.8478571,4,0.509857143,-0.0508,0.093428571,0.117714286,0.789
The Temptations,0.368577778,0.639111111,181546.2222,0.602222222,0.000154022,0.263933333,-7.766333333,1,2.222222222,0.041822222,112.7555556,4,0.712444444,0.9858,0.205888889,0.027888889,0.766444444
The Weeknd,0.173816667,0.5385,250473.1667,0.651333333,0,0.098666667,-7.080333333,0.166666667,6.5,0.0638,122.5718333,3.833333333,0.358716667,-0.514666667,0.136166667,0.1315,0.732166667
The White Stripes,0.370888889,0.477555556,222717,0.604888889,0.053122606,0.092222222,-6.952777778,0.777777778,6.666666667,0.088066667,110.3316667,4,0.472777778,0.187111111,0.117777778,0.084,0.798222222
Thin Lizzy,0.205142765,0.459117647,248119.2353,0.745117647,0.105521724,0.243629412,-10.91194118,0.705882353,6.058823529,0.084476471,127.7836471,4,0.651352941,-0.228911765,0.088647059,0.114411765,0.796882353
Tiffany,0.27725,0.611,220766.5,0.4915,0.00351387,0.0608,-13.774,1,4,0.03835,114.9075,3.5,0.573,0.0697,0.101,0.092,0.807
Tim Buckley,0.470818182,0.448,273552.5455,0.452363636,0.063986973,0.266272727,-11.39763636,0.818181818,4,0.0394,113.9327273,3.636363636,0.469209091,0.598990909,0.163272727,0.059818182,0.777090909
Tim McGraw,0.170030769,0.514307692,240666.6154,0.748076923,4.46E-06,0.198838462,-6.676769231,1,5.692307692,0.0345,139.6834615,4,0.642,0.617484615,0.136461538,0.059076923,0.804461538
Tina Turner,0.24182,0.5987,256174.3,0.6682,0.01753465,0.12272,-7.5844,0.8,5.4,0.07143,120.478,4,0.6834,0.53435,0.1605,0.055,0.7841
Tom Jones,0.3207,0.536,186650.4444,0.615666667,0.002908291,0.250055556,-9.699666667,0.777777778,5.222222222,0.048966667,116.762,3.555555556,0.752111111,0.593788889,0.200222222,0.065333333,0.734222222
Tom Lehrer,0.915222222,0.579888889,139188.1111,0.404555556,1.82E-07,0.444211111,-13.04122222,1,4.666666667,0.370922222,119.1773333,3.888888889,0.758,0.317888889,0.121444444,0.073444444,0.805222222
Tom T. Hall,0.65125,0.59075,176214.5833,0.484583333,0.031460148,0.189166667,-11.65741667,1,5,0.0356,121.95925,3.916666667,0.78175,0.76355,0.144,0.049083333,0.807
Tom Waits,0.8356,0.5176,255010.8,0.488,0.17489562,0.1926,-10.1178,1,3.2,0.05526,110.837,3.8,0.4442,0.51128,0.1186,0.1426,0.7388
Tool,0.4402325,0.537,361612,0.4195,0.628,0.223,-12.72,0.5,4.5,0.0312,121.9945,3.5,0.24275,0.669,0.1545,0.108,0.737
Tori Amos,0.5064,0.5846,272871.8,0.5264,0.004238664,0.14938,-10.8278,0.8,4.8,0.04988,128.2518,4,0.7364,0.54284,0.117,0.0756,0.8072
Toto,0.179208333,0.615583333,280848.9167,0.507,0.011218842,0.128708333,-13.06783333,0.583333333,8,0.034233333,95.75983333,3.916666667,0.669641667,0.355416667,0.096583333,0.07875,0.825166667
Townes Van Zandt,0.688428571,0.559285714,206882.4286,0.2797,0.026525124,0.100028571,-17.277,0.857142857,7.571428571,0.040128571,116.4865714,4,0.516142857,0.182942857,0.115857143,0.087714286,0.796571429
Tracy Chapman,0.423306667,0.674133333,228524.5333,0.362666667,0.001055661,0.118806667,-13.48173333,0.8,5.466666667,0.059926667,114.7259333,4.066666667,0.515866667,0.14802,0.118133333,0.1186,0.763266667
Tragically Hip,0.159938462,0.544769231,265900.5385,0.639307692,0.127522831,0.153207692,-8.994384615,0.769230769,6.538461538,0.044823077,128.4238462,3.923076923,0.4079,-0.030584615,0.094846154,0.083,0.822076923
Train,0.27168,0.5564,224415.8,0.6844,5.31E-06,0.09822,-5.4354,0.4,1.8,0.04406,93.9212,4,0.6146,0.63724,0.1298,0.0452,0.8254
Twenty One Pilots,0.174118182,0.583818182,247389.2727,0.643181818,1.81E-05,0.147618182,-6.590818182,0.636363636,4.545454545,0.0637,108.5925455,3.909090909,0.467363636,0.1364,0.129454545,0.114181818,0.756727273
U-Kiss,0.00232,0.827,201869,0.778,0,0.0741,-2.816,0,10,0.0532,116.971,4,0.673,0.743,0.035,0,0.965
U2,0.047857667,0.567833333,242024.1667,0.760333333,0.003444833,0.140566667,-8.370833333,1,4.666666667,0.038166667,107.701,4,0.53,0.765333333,0.171333333,0.057,0.771166667
UB40,0.115155,0.82825,248685.6667,0.410583333,0.014227892,0.092558333,-13.31758333,0.75,5.416666667,0.074816667,88.81675,4,0.872416667,0.77635,0.16025,0.070166667,0.7695
Ugly Kid Joe,0.030781,0.475071429,271738.1429,0.747642857,0.004920612,0.146,-8.961071429,0.928571429,5.428571429,0.058221429,124.8489286,4,0.563142857,-0.10095,0.110785714,0.135714286,0.753428571
Ultramagnetic Mc's,0.0182569,0.8253,210725.3,0.9033,0.000469848,0.134,-4.6441,0.3,4.9,0.2106,108.6769,4,0.6061,0.5415,0.1126,0.07,0.8174
Ultravox,0.061962,0.547,271450.8,0.6028,0.094824,0.1456,-10.4422,0.8,2.8,0.0464,111.718,4,0.52142,0.04398,0.0816,0.0728,0.8454
Uncle Kracker,0.177805,0.6244,225208,0.7219,0,0.21779,-4.7507,0.9,6.3,0.05037,145.1574,4,0.6723,0.9705,0.1723,0.0628,0.7648
Uncle Tupelo,0.3050655,0.445357143,210013.3571,0.520642857,0.077973828,0.181021429,-10.73485714,1,4.428571429,0.033592857,118.2467143,3.928571429,0.495342857,-0.000328571,0.098142857,0.0945,0.807571429
Underoath,0.008147017,0.381166667,232140,0.894,0.000338815,0.4275,-4.236666667,0.166666667,7.5,0.162133333,129.9071667,3.833333333,0.169366667,0.639183333,0.135166667,0.070833333,0.794
Unearth,8.07E-05,0.2925,219905.125,0.921375,0.20258875,0.1657625,-5.61475,0.5,8,0.112375,106.104875,4.125,0.264875,-0.5379875,0.105875,0.18325,0.710875
Ungu,0.0802,0.426,307520,0.606,5.21E-06,0.297,-5.952,1,0,0.0291,130.177,4,0.253,0,0,0,1
Unkle,0.038585,0.37425,380026.5,0.74775,0.23035,0.1655,-6.518,0.5,7.5,0.06755,113.643,3.75,0.3035,0.018525,0.178,0.128,0.694
Unseen,0.002805,0.355,162974,0.925,0.00053,0.2395,-4.518,0.5,7,0.09215,143.7275,4,0.714,-0.01725,0.1785,0.169,0.652
Unwritten Law,0.026412583,0.457,205462.5,0.868666667,5.13E-05,0.176391667,-5.068916667,0.75,6.083333333,0.050758333,110.2446667,4,0.49275,-0.39385,0.099,0.140583333,0.760333333
Uriah Heep,0.004126776,0.326625,256610,0.58475,0.0960265,0.1963,-10.039875,0.75,7.125,0.0509875,128.27475,4,0.4092375,0.522925,0.168,0.078875,0.75325
Used,0.010736667,0.455333333,217417.6667,0.898,0,0.367666667,-4.507,0.666666667,5.333333333,0.077933333,127.911,4,0.395666667,0.640233333,0.167,0.077666667,0.755666667
Usher,0.249433333,0.714333333,245891,0.627333333,6.38E-06,0.185066667,-6.613166667,0.5,5,0.10975,112.7276667,4,0.535333333,0.639216667,0.122833333,0.070333333,0.806833333
Utada Hikaru,0.09605,0.57925,290746.75,0.753,3.95E-05,0.324925,-5.88925,0.5,4.25,0.03665,122.13025,4,0.40075,0.494875,0.1415,0.09875,0.76
Van Halen,0.093816667,0.523,246568.3333,0.764333333,0.002475628,0.0884,-9.485,1,2.333333333,0.041733333,120.0165,4,0.593333333,0.291966667,0.113333333,0.073,0.813333333
Van Morrison,0.426444444,0.543555556,236283,0.423222222,0.00152731,0.180577778,-13.42033333,1,6.777777778,0.050855556,107.8533333,3.888888889,0.597222222,0.745455556,0.169222222,0.053444444,0.777444444
Vanessa Williams,0.294318182,0.573545455,270728.3636,0.524090909,0.037923951,0.189990909,-12.25636364,0.636363636,4.909090909,0.0448,111.8420909,4,0.427290909,0.782863636,0.148818182,0.042090909,0.808909091
Vangelis,0.42,0.207,346693,0.304,0.364,0.352,-19.516,1,2,0.033,97.123,4,0.0843,-0.3614,0.079,0.066,0.855
Vanilla Ice,0.000716,0.8485,256320,0.622,0.02725179,0.2995,-13.242,0.5,7.5,0.177,109.7335,4,0.436,0.98845,0.157,0.077,0.766
Velvet Underground,0.450866,0.4739,241611.9,0.39086,0.375000335,0.10972,-14.5436,0.9,3.3,0.05396,118.8812,4,0.3614,0.03819,0.1022,0.0823,0.8153
Vengaboys,0.01669625,0.75425,208533.25,0.84,0.00629,0.14475,-8.552,1,0.75,0.037725,124.248,4,0.935,0.56635,0.15975,0.04325,0.79725
Venom,0.07623418,0.6464,179534.6,0.7066,0.003651744,0.25874,-7.673,0.6,3.8,0.13042,122.3224,4,0.4804,-0.82978,0.118,0.1574,0.7238
Vera Lynn,0.8645,0.4155,175200,0.1226,0,0.3425,-11.8385,0.5,9,0.03445,91.754,4,0.297,0.9792,0.162,0.007,0.831
Vertical Horizon,0.009401982,0.499090909,256575.8182,0.768909091,0.000172344,0.114163636,-5.566272727,0.545454545,5.636363636,0.038172727,123.2746364,4,0.483463636,0.205590909,0.088727273,0.060454545,0.850636364
Veruca Salt,0.001060438,0.506307692,203054.3846,0.788230769,0.046228115,0.171323077,-6.210615385,0.846153846,6.923076923,0.036823077,121.8005385,3.923076923,0.640692308,0.108076923,0.160076923,0.087307692,0.752615385
Verve,0.193333333,0.423666667,286609,0.629333333,4.38E-05,0.151066667,-7.835666667,1,0.666666667,0.027033333,80.54033333,4,0.239666667,0.336966667,0.228,0.093,0.679
Vince Gill,0.573,0.55175,228884.3333,0.4615,0.000131683,0.202583333,-10.51625,1,3.333333333,0.029683333,119.4054167,3.916666667,0.41625,0.36815,0.145666667,0.088416667,0.766
Violent Femmes,0.282642857,0.596,214203.8571,0.642714286,0.000431771,0.111714286,-8.792,0.714285714,2.142857143,0.096185714,118.5081429,4,0.745142857,0.441585714,0.167142857,0.071285714,0.761714286
Virgin Steele,0.008145,0.3835,282240,0.9755,0.00231,0.2465,-5.7075,1,8,0.1203,150.777,4,0.318,-0.94095,0.122,0.2045,0.674
Vonda Shepard,0.300857,0.5307,220739.9,0.6615,0.002614345,0.21369,-7.0289,1,4.9,0.03334,130.883,4,0.5139,0.90759,0.2269,0.0336,0.7395
Vybz Kartel,0.0886,0.631,183893,0.802,0,0.103,-5.316,1,8,0.373,101.872,4,0.772,0.5464,0.103,0.12,0.777
W.A.S.P.,0.012284912,0.276166667,258760.6667,0.855333333,0.14930435,0.196016667,-7.396666667,0.666666667,4.333333333,0.056966667,142.6403333,3.833333333,0.437666667,-0.237666667,0.113166667,0.148333333,0.738666667
Walk The Moon,0.001012357,0.529571429,239422.8571,0.790428571,0.073006541,0.182771429,-6.329428571,0.714285714,7.142857143,0.048428571,131.2775714,4,0.612142857,0.3042,0.068285714,0.053142857,0.878714286
Wanda Jackson,0.641,0.53125,133031.25,0.7175,0.000315484,0.1467125,-6.19075,0.625,5.875,0.0630875,132.408,3.875,0.83175,0.63465,0.207,0.06475,0.728375
Wang Chung,0.1531,0.705444444,262995.6667,0.754444444,0.003089456,0.138355556,-8.845777778,1,5.222222222,0.041544444,122.5201111,4,0.670777778,0.787333333,0.172666667,0.032666667,0.794555556
Warren Zevon,0.2351125,0.66275,206484.875,0.559375,0.001078738,0.1428875,-11.15925,1,6,0.0300875,99.180625,4,0.672875,-0.147075,0.124375,0.129375,0.746125
Waterboys,0.00503,0.374,263373,0.695,2.29E-06,0.0556,-10.778,1,0,0.0582,137.744,4,0.664,0.9169,0.111,0.044,0.846
Waylon Jennings,0.32395,0.78775,206819.75,0.61625,0.07269,0.111525,-12.07525,1,4.75,0.03315,116.26225,4,0.74675,0.69245,0.09425,0.049,0.85675
Ween,0.244937167,0.609083333,203937.75,0.664583333,0.072070158,0.245716667,-8.192083333,0.916666667,5.333333333,0.034916667,128.4856667,4,0.646333333,0.761525,0.1525,0.03625,0.811416667
Weezer,0.0119797,0.5177,239720,0.7308,0.097710419,0.19747,-6.4268,1,5.9,0.04602,127.3868,3.8,0.5137,0.57304,0.1371,0.0751,0.7876
Weird Al Yankovic,0.1322,0.746666667,213791,0.714,0.000600533,0.1326,-8.744,0.666666667,6.333333333,0.0677,128.343,4,0.683,0.39,0.078333333,0.050666667,0.870666667
Westlife,0.2380375,0.524875,222846.75,0.58675,0,0.1732,-6.6625,0.875,4,0.0276625,100.310375,4.125,0.431,0.5218,0.165875,0.076125,0.757875
Wet Wet Wet,0.0558,0.6,196116,0.811,6.82E-06,0.109,-7.693,1,5,0.0788,124.303,4,0.622,0.9957,0.254,0.024,0.722
Wham!,0.202271429,0.660285714,268971.4286,0.697857143,3.78E-05,0.3341,-9.512285714,0.714285714,3.714285714,0.045585714,115.8552857,4,0.809428571,0.393142857,0.165428571,0.094,0.740571429
Whiskeytown,0.2517025,0.478,214641.4286,0.5475,0.004384222,0.164964286,-8.991571429,0.785714286,3.571428571,0.046507143,123.8690714,3.857142857,0.408278571,0.22895,0.126857143,0.106714286,0.766357143
Whitesnake,0.190625,0.4265,283063,0.664,0.00330555,0.1463,-11.97775,0.5,4.25,0.067975,134.272,4,0.33075,0.981625,0.25425,0.074,0.6715
Whitney Houston,0.45705,0.599857143,280949.5,0.491714286,9.42E-05,0.237464286,-10.85071429,0.928571429,6.071428571,0.049371429,114.856,3.857142857,0.503357143,0.993914286,0.299571429,0.047928571,0.652571429
Widespread Panic,0.0792636,0.4543,304622.7,0.7618,0.185734344,0.20003,-8.0922,0.7,5.7,0.04025,124.6722,4,0.6962,0.50211,0.1331,0.0583,0.8084
Will Smith,0.070304286,0.845142857,240632.4286,0.774857143,6.32E-05,0.294442857,-5.071285714,0.714285714,4.571428571,0.1146,105.1827143,4,0.741857143,0.946457143,0.113714286,0.053,0.833142857
Willie Nelson,0.50675,0.53475,174359.75,0.517325,0.05109525,0.234475,-10.8535,1,3.5,0.044225,108.3105,4,0.631,0.392625,0.21875,0.07825,0.703
Wilson Phillips,0.3341125,0.66375,270835,0.616125,0.000733013,0.2425875,-9.634625,0.875,4.375,0.028375,106.73825,4,0.5595,-0.2263625,0.1215,0.09225,0.786375
Wilson Pickett,0.22445,0.66525,178910.125,0.532125,0.041006756,0.1490125,-10.827375,0.75,3.375,0.043775,104.569875,4,0.78825,0.47945,0.112,0.04125,0.84725
Wishbone Ash,0.05991,0.360444444,344824.3333,0.653333333,0.018839778,0.165522222,-10.61844444,0.555555556,7,0.060311111,141.9922222,3.888888889,0.454666667,-0.069244444,0.131444444,0.120666667,0.747777778
Within Temptation,0.068613569,0.366538462,293670.6154,0.855230769,0.000583135,0.187992308,-4.506692308,0.153846154,7,0.0599,125.4532308,3.769230769,0.269076923,-0.299261538,0.103692308,0.148923077,0.747307692
Wiz Khalifa,0.0646,0.684,217667,0.834,0,0.271,-4.524,0,2,0.0675,164.02,4,0.538,0.9849,0.098,0.055,0.846
Wu-Tang Clan,0.179716667,0.7465,270493.5,0.567666667,0.004182667,0.2147,-8.992333333,0.5,9.333333333,0.366,121.7681667,4,0.564333333,-0.326266667,0.109833333,0.1365,0.753833333
Wyclef Jean,0.1546,0.752,247410,0.745,1.77E-06,0.26975,-5.81675,0.75,2.75,0.15175,102.02,4,0.5705,-0.086525,0.092,0.0895,0.81825
X Japan,0.316436,0.3064,415994.6,0.6128,0.000221776,0.1834,-7.0538,0.6,9.2,0.12878,148.249,3.8,0.12644,0.20634,0.1418,0.1404,0.7176
X-Raided,0.012,0.765,263800,0.628,0,0.0965,-7.63,0,4,0.221,96.552,4,0.473,-0.9988,0.073,0.23,0.697
X-Ray Spex,0.05656225,0.470375,194901.75,0.82425,0.0100939,0.1042625,-6.908875,0.625,3.5,0.0688375,149.041875,4,0.72475,0.041175,0.114875,0.084375,0.80075
XTC,0.187375,0.609125,214992.25,0.629625,0.003643278,0.2714125,-9.296125,1,5.5,0.031,110.978125,4,0.618375,0.268125,0.174875,0.101625,0.7235
Xandria,0.304996667,0.435666667,247666.6667,0.731666667,0.011255933,0.190166667,-5.228333333,0,3.666666667,0.039766667,110.6126667,4,0.300333333,-0.440666667,0.119333333,0.143,0.737333333
Xavier Rudd,0.5075,0.54075,262063.5,0.5525,0.132000933,0.3017,-9.63425,0.75,6.25,0.079425,126.5485,4,0.4525,0.8652,0.1685,0.015,0.8165
Xentrix,0.000183988,0.333125,281900,0.8735,0.1176995,0.1640875,-10.617375,0.625,7.75,0.0571875,124.135375,4,0.476125,-0.8179,0.094125,0.2,0.706
Xiu Xiu,0.00671,0.6215,237300,0.594,0.5635,0.21725,-6.7925,1,1,0.0902,140.191,3.5,0.379,0.3874,0.1855,0.0705,0.7445
Xscape,0.205875,0.727625,276179,0.416375,7.37E-05,0.25175,-9.766625,0.625,4,0.050775,117.383,4,0.4848375,0.954075,0.14725,0.024125,0.82875
Xzibit,0.0562,0.909,219840,0.74,0,0.0593,-2.361,1,1,0.26,97.855,4,0.802,-0.9758,0.131,0.157,0.712
YG,0.02599,0.889,186980,0.5295,0,0.137,-7.169,0.5,7.5,0.054,106.997,4,0.3215,-0.99935,0.0565,0.294,0.6495
Yazoo,0.204,0.748,192293,0.559,4.15E-05,0.0982,-8.078,1,9,0.0362,106.077,4,0.85,0.9459,0.151,0,0.849
Yeah Yeah Yeahs,0.018293462,0.508615385,232649.3077,0.871692308,0.114466815,0.189484615,-4.975615385,0.692307692,7.769230769,0.072769231,135.7694615,4,0.379692308,-0.101776923,0.106461538,0.141923077,0.751461538
Yelawolf,0.031946,0.728666667,243377.6667,0.758166667,0.006533333,0.075766667,-7.088666667,0.666666667,4,0.086816667,134.8968333,4,0.25965,0.417016667,0.121166667,0.058333333,0.820333333
Yello,0.103166,0.656,226956.8,0.7454,0.2011052,0.21708,-7.754,0.2,8,0.05964,137.475,3.8,0.5952,0.24162,0.1448,0.1118,0.7436
Yellowcard,0.039660034,0.395928571,221566.7143,0.906928571,1.11E-05,0.232221429,-4.214714286,0.571428571,4.285714286,0.087992857,158.2375714,3.928571429,0.495928571,0.202014286,0.100714286,0.056642857,0.842571429
Yeng Constantino,0.268833333,0.569333333,244075.3333,0.636666667,3.93E-06,0.1299,-7.025333333,1,4.333333333,0.0334,136.6203333,4,0.524333333,0.021933333,0.005666667,0.010333333,0.984
Yes,0.306,0.695,266040,0.746,0.00524,0.368,-8.12,1,7,0.0387,125.123,4,0.885,-0.9805,0.145,0.25,0.605
Ying Yang Twins,0.168841,0.813,252407,0.7675,0,0.461,-6.5615,0.5,1,0.1706,108.9995,4,0.8785,-0.9974,0.101,0.238,0.6615
Yngwie Malmsteen,0.069860663,0.376875,289786.75,0.809,0.12240215,0.188175,-10.925625,0.5,6.625,0.0748625,127.45525,4,0.382,-0.3810625,0.133125,0.19825,0.668625
Yo La Tengo,0.3855,0.558,332593,0.4825,0.67975,0.1535,-12.284,1,7,0.041075,105.46225,4,0.51145,0.286225,0.08,0.06375,0.856
Yoko Ono,0.116,0.388,235775,0.546,0.557,0.128,-6.704,1,4,0.0268,79.447,4,0.124,0.9521,0.24,0.162,0.598
Yolanda Adams,0.301748462,0.570307692,315171.6154,0.587692308,2.02E-05,0.161907692,-6.553230769,0.615384615,7.461538462,0.068769231,100.2185385,3.692307692,0.388076923,0.741146154,0.202,0.064846154,0.733076923
Yonder Mountain String Band,0.749,0.449,271080,0.495,6.51E-06,0.371,-8.82,1,9,0.0431,198.017,4,0.676,0.9321,0.106,0.068,0.826
Young Dro,0.214,0.774,268107,0.717,0,0.0761,-5.38,1,2,0.297,77.973,4,0.656,-0.9909,0.032,0.085,0.883
Young Jeezy,0.0027,0.649,321293,0.785,0,0.0859,-6.031,0,9,0.0369,137.618,4,0.294,0.5954,0.127,0.111,0.762
Youngbloodz,0.045925,0.74025,253183.25,0.543,0,0.17125,-8.8385,0.75,4,0.2296,145.41975,4,0.467,-0.0118,0.08475,0.07625,0.839
Youth Of Today,0.096915889,0.393,134040,0.781111111,0.034962582,0.122911111,-7.706888889,0.333333333,6.444444444,0.096222222,118.9368889,3.666666667,0.395555556,0.051144444,0.163111111,0.129666667,0.707444444
Yung Joc,0.025875,0.762,243733,0.725,0,0.12855,-6.57,1,6.5,0.07305,124.4715,4,0.843,-0.97695,0.0725,0.136,0.791
Z-Ro,0.745,0.774,281267,0.769,0,0.161,-5.452,0,9,0.18,120.001,4,0.922,0.9953,0.192,0.05,0.758
ZZ Top,0.155594923,0.585615385,239125.0769,0.689923077,0.042082878,0.1411,-9.932692308,0.769230769,6.384615385,0.053723077,124.2445385,4,0.687538462,0.429423077,0.112615385,0.057538462,0.829769231
Zac Brown Band,0.29379,0.6227,236677.3,0.606,5.32E-05,0.13185,-6.1728,1,3.6,0.0346,106.1524,4,0.588,0.61273,0.1508,0.0525,0.7966
Zakk Wylde,0.84,0.63,253707,0.377,0.000289,0.108,-8.982,1,7,0.0267,128.215,4,0.366,0.907,0.161,0.085,0.754
Zao,0.000382543,0.326,232514.1429,0.839,0.316334143,0.113942857,-6.632428571,1,3.571428571,0.106457143,140.8134286,4,0.178457143,-0.405685714,0.095142857,0.161285714,0.743285714
Zazie,0.403,0.519,185773,0.415,0.0487,0.101,-7.892,1,4,0.0267,143.886,4,0.0663,0.9489,0.176,0.066,0.758
Zebra,0.002838,0.346,336246.5,0.868,0.0824,0.21745,-8.6635,1,4.5,0.0918,140.0835,4,0.2655,0.00385,0.127,0.115,0.758
Zebrahead,0.003562545,0.486545455,196724.9091,0.972818182,8.60E-06,0.261836364,-3.868545455,0.818181818,4.454545455,0.158227273,152.1292727,4,0.461090909,-0.121936364,0.132,0.153,0.715272727
Zero 7,0.288327273,0.550727273,303839.9091,0.491272727,0.206458509,0.120372727,-10.01081818,0.636363636,4,0.028318182,128.727,3.818181818,0.320727273,-0.462518182,0.089090909,0.104909091,0.805909091
Zeromancer,0.00012,0.555,228933,0.921,0.101,0.0889,-6.858,1,1,0.0374,115.007,4,0.438,0.9518,0.178,0.026,0.795
Ziggy Marley,0.191566667,0.7465,236908.8333,0.5825,6.37E-06,0.1331,-7.775166667,0.666666667,5.666666667,0.052416667,112.0165,4,0.7305,0.6642,0.143,0.078166667,0.7785
Zoegirl,0.048604083,0.608833333,235024.4167,0.846333333,0.06448845,0.200958333,-4.780833333,0.583333333,4,0.056033333,116.707,4,0.613166667,0.805466667,0.1575,0.070166667,0.77225
Zornik,0.0554354,0.4968,236989.4,0.7308,0.011982,0.22424,-5.3932,0.8,5.2,0.03088,148.3982,4,0.4332,0.31378,0.1152,0.0732,0.8116
Zox,0.125875333,0.514733333,253071.0667,0.738933333,0.015322813,0.15482,-7.5034,0.466666667,6.266666667,0.080766667,149.2778667,4,0.661133333,0.010126667,0.088466667,0.0984,0.813133333
Zucchero,0.0532,0.638,270902.6667,0.708,0.00324635,0.329366667,-7.71,1,7.333333333,0.041433333,133.3156667,4,0.532333333,-0.0564,0.052,0.068,0.879666667